══════════════════════════════════════╤═══════════════════════════════════════════════════════════════════════════════════════════════════════════════════════════════════════════════════════════════════════════
"coin" -> false "n" ->   1 "x" ->   0 │ 28948022309329048855892746252171976963317496166410141009864396001978282409984/173688133855974293135356477513031861779904976998460846059186376011869694459901 (≈ 0.1666666)
══════════════════════════════════════╪═══════════════════════════════════════════════════════════════════════════════════════════════════════════════════════════════════════════════════════════════════════════
"coin" -> false "n" ->   1 "x" ->   1 │ 28948022309329048855892746252171976963317496166410141009864396001978282409984/173688133855974293135356477513031861779904976998460846059186376011869694459901 (≈ 0.1666666)
══════════════════════════════════════╪═══════════════════════════════════════════════════════════════════════════════════════════════════════════════════════════════════════════════════════════════════════════
"coin" -> false "n" ->   1 "x" ->   2 │ 28948022309329048855892746252171976963317496166410141009864396001978282409984/173688133855974293135356477513031861779904976998460846059186376011869694459901 (≈ 0.1666666)
══════════════════════════════════════╪═══════════════════════════════════════════════════════════════════════════════════════════════════════════════════════════════════════════════════════════════════════════
"coin" -> false "n" ->   2 "x" ->   0 │ 14474011154664524427946373126085988481658748083205070504932198000989141204992/173688133855974293135356477513031861779904976998460846059186376011869694459901 (≈ 0.0833333)
══════════════════════════════════════╪═══════════════════════════════════════════════════════════════════════════════════════════════════════════════════════════════════════════════════════════════════════════
"coin" -> false "n" ->   2 "x" ->   1 │ 14474011154664524427946373126085988481658748083205070504932198000989141204992/173688133855974293135356477513031861779904976998460846059186376011869694459901 (≈ 0.0833333)
══════════════════════════════════════╪═══════════════════════════════════════════════════════════════════════════════════════════════════════════════════════════════════════════════════════════════════════════
"coin" -> false "n" ->   2 "x" ->   2 │ 14474011154664524427946373126085988481658748083205070504932198000989141204992/173688133855974293135356477513031861779904976998460846059186376011869694459901 (≈ 0.0833333)
══════════════════════════════════════╪═══════════════════════════════════════════════════════════════════════════════════════════════════════════════════════════════════════════════════════════════════════════
"coin" -> false "n" ->   3 "x" ->   0 │ 7237005577332262213973186563042994240829374041602535252466099000494570602496/173688133855974293135356477513031861779904976998460846059186376011869694459901 (≈ 0.0416666)
══════════════════════════════════════╪═══════════════════════════════════════════════════════════════════════════════════════════════════════════════════════════════════════════════════════════════════════════
"coin" -> false "n" ->   3 "x" ->   1 │ 7237005577332262213973186563042994240829374041602535252466099000494570602496/173688133855974293135356477513031861779904976998460846059186376011869694459901 (≈ 0.0416666)
══════════════════════════════════════╪═══════════════════════════════════════════════════════════════════════════════════════════════════════════════════════════════════════════════════════════════════════════
"coin" -> false "n" ->   3 "x" ->   2 │ 7237005577332262213973186563042994240829374041602535252466099000494570602496/173688133855974293135356477513031861779904976998460846059186376011869694459901 (≈ 0.0416666)
══════════════════════════════════════╪═══════════════════════════════════════════════════════════════════════════════════════════════════════════════════════════════════════════════════════════════════════════
"coin" -> false "n" ->   4 "x" ->   0 │ 3618502788666131106986593281521497120414687020801267626233049500247285301248/173688133855974293135356477513031861779904976998460846059186376011869694459901 (≈ 0.0208333)
══════════════════════════════════════╪═══════════════════════════════════════════════════════════════════════════════════════════════════════════════════════════════════════════════════════════════════════════
"coin" -> false "n" ->   4 "x" ->   1 │ 3618502788666131106986593281521497120414687020801267626233049500247285301248/173688133855974293135356477513031861779904976998460846059186376011869694459901 (≈ 0.0208333)
══════════════════════════════════════╪═══════════════════════════════════════════════════════════════════════════════════════════════════════════════════════════════════════════════════════════════════════════
"coin" -> false "n" ->   4 "x" ->   2 │ 3618502788666131106986593281521497120414687020801267626233049500247285301248/173688133855974293135356477513031861779904976998460846059186376011869694459901 (≈ 0.0208333)
══════════════════════════════════════╪═══════════════════════════════════════════════════════════════════════════════════════════════════════════════════════════════════════════════════════════════════════════
"coin" -> false "n" ->   5 "x" ->   0 │ 1809251394333065553493296640760748560207343510400633813116524750123642650624/173688133855974293135356477513031861779904976998460846059186376011869694459901 (≈ 0.0104166)
══════════════════════════════════════╪═══════════════════════════════════════════════════════════════════════════════════════════════════════════════════════════════════════════════════════════════════════════
"coin" -> false "n" ->   5 "x" ->   1 │ 1809251394333065553493296640760748560207343510400633813116524750123642650624/173688133855974293135356477513031861779904976998460846059186376011869694459901 (≈ 0.0104166)
══════════════════════════════════════╪═══════════════════════════════════════════════════════════════════════════════════════════════════════════════════════════════════════════════════════════════════════════
"coin" -> false "n" ->   5 "x" ->   2 │ 1809251394333065553493296640760748560207343510400633813116524750123642650624/173688133855974293135356477513031861779904976998460846059186376011869694459901 (≈ 0.0104166)
══════════════════════════════════════╪═══════════════════════════════════════════════════════════════════════════════════════════════════════════════════════════════════════════════════════════════════════════
"coin" -> false "n" ->   6 "x" ->   0 │ 904625697166532776746648320380374280103671755200316906558262375061821325312/173688133855974293135356477513031861779904976998460846059186376011869694459901 (≈ 0.0052083)
══════════════════════════════════════╪═══════════════════════════════════════════════════════════════════════════════════════════════════════════════════════════════════════════════════════════════════════════
"coin" -> false "n" ->   6 "x" ->   1 │ 904625697166532776746648320380374280103671755200316906558262375061821325312/173688133855974293135356477513031861779904976998460846059186376011869694459901 (≈ 0.0052083)
══════════════════════════════════════╪═══════════════════════════════════════════════════════════════════════════════════════════════════════════════════════════════════════════════════════════════════════════
"coin" -> false "n" ->   6 "x" ->   2 │ 904625697166532776746648320380374280103671755200316906558262375061821325312/173688133855974293135356477513031861779904976998460846059186376011869694459901 (≈ 0.0052083)
══════════════════════════════════════╪═══════════════════════════════════════════════════════════════════════════════════════════════════════════════════════════════════════════════════════════════════════════
"coin" -> false "n" ->   7 "x" ->   0 │ 452312848583266388373324160190187140051835877600158453279131187530910662656/173688133855974293135356477513031861779904976998460846059186376011869694459901 (≈ 0.0026041)
══════════════════════════════════════╪═══════════════════════════════════════════════════════════════════════════════════════════════════════════════════════════════════════════════════════════════════════════
"coin" -> false "n" ->   7 "x" ->   1 │ 452312848583266388373324160190187140051835877600158453279131187530910662656/173688133855974293135356477513031861779904976998460846059186376011869694459901 (≈ 0.0026041)
══════════════════════════════════════╪═══════════════════════════════════════════════════════════════════════════════════════════════════════════════════════════════════════════════════════════════════════════
"coin" -> false "n" ->   7 "x" ->   2 │ 452312848583266388373324160190187140051835877600158453279131187530910662656/173688133855974293135356477513031861779904976998460846059186376011869694459901 (≈ 0.0026041)
══════════════════════════════════════╪═══════════════════════════════════════════════════════════════════════════════════════════════════════════════════════════════════════════════════════════════════════════
"coin" -> false "n" ->   8 "x" ->   0 │ 226156424291633194186662080095093570025917938800079226639565593765455331328/173688133855974293135356477513031861779904976998460846059186376011869694459901 (≈ 0.001302)
══════════════════════════════════════╪═══════════════════════════════════════════════════════════════════════════════════════════════════════════════════════════════════════════════════════════════════════════
"coin" -> false "n" ->   8 "x" ->   1 │ 226156424291633194186662080095093570025917938800079226639565593765455331328/173688133855974293135356477513031861779904976998460846059186376011869694459901 (≈ 0.001302)
══════════════════════════════════════╪═══════════════════════════════════════════════════════════════════════════════════════════════════════════════════════════════════════════════════════════════════════════
"coin" -> false "n" ->   8 "x" ->   2 │ 226156424291633194186662080095093570025917938800079226639565593765455331328/173688133855974293135356477513031861779904976998460846059186376011869694459901 (≈ 0.001302)
══════════════════════════════════════╪═══════════════════════════════════════════════════════════════════════════════════════════════════════════════════════════════════════════════════════════════════════════
"coin" -> false "n" ->   9 "x" ->   0 │ 113078212145816597093331040047546785012958969400039613319782796882727665664/173688133855974293135356477513031861779904976998460846059186376011869694459901 (≈ 0.000651)
══════════════════════════════════════╪═══════════════════════════════════════════════════════════════════════════════════════════════════════════════════════════════════════════════════════════════════════════
"coin" -> false "n" ->   9 "x" ->   1 │ 113078212145816597093331040047546785012958969400039613319782796882727665664/173688133855974293135356477513031861779904976998460846059186376011869694459901 (≈ 0.000651)
══════════════════════════════════════╪═══════════════════════════════════════════════════════════════════════════════════════════════════════════════════════════════════════════════════════════════════════════
"coin" -> false "n" ->   9 "x" ->   2 │ 113078212145816597093331040047546785012958969400039613319782796882727665664/173688133855974293135356477513031861779904976998460846059186376011869694459901 (≈ 0.000651)
══════════════════════════════════════╪═══════════════════════════════════════════════════════════════════════════════════════════════════════════════════════════════════════════════════════════════════════════
"coin" -> false "n" ->  10 "x" ->   0 │ 56539106072908298546665520023773392506479484700019806659891398441363832832/173688133855974293135356477513031861779904976998460846059186376011869694459901 (≈ 0.0003255)
══════════════════════════════════════╪═══════════════════════════════════════════════════════════════════════════════════════════════════════════════════════════════════════════════════════════════════════════
"coin" -> false "n" ->  10 "x" ->   1 │ 56539106072908298546665520023773392506479484700019806659891398441363832832/173688133855974293135356477513031861779904976998460846059186376011869694459901 (≈ 0.0003255)
══════════════════════════════════════╪═══════════════════════════════════════════════════════════════════════════════════════════════════════════════════════════════════════════════════════════════════════════
"coin" -> false "n" ->  10 "x" ->   2 │ 56539106072908298546665520023773392506479484700019806659891398441363832832/173688133855974293135356477513031861779904976998460846059186376011869694459901 (≈ 0.0003255)
══════════════════════════════════════╪═══════════════════════════════════════════════════════════════════════════════════════════════════════════════════════════════════════════════════════════════════════════
"coin" -> false "n" ->  11 "x" ->   0 │ 28269553036454149273332760011886696253239742350009903329945699220681916416/173688133855974293135356477513031861779904976998460846059186376011869694459901 (≈ 0.0001627)
══════════════════════════════════════╪═══════════════════════════════════════════════════════════════════════════════════════════════════════════════════════════════════════════════════════════════════════════
"coin" -> false "n" ->  11 "x" ->   1 │ 28269553036454149273332760011886696253239742350009903329945699220681916416/173688133855974293135356477513031861779904976998460846059186376011869694459901 (≈ 0.0001627)
══════════════════════════════════════╪═══════════════════════════════════════════════════════════════════════════════════════════════════════════════════════════════════════════════════════════════════════════
"coin" -> false "n" ->  11 "x" ->   2 │ 28269553036454149273332760011886696253239742350009903329945699220681916416/173688133855974293135356477513031861779904976998460846059186376011869694459901 (≈ 0.0001627)
══════════════════════════════════════╪═══════════════════════════════════════════════════════════════════════════════════════════════════════════════════════════════════════════════════════════════════════════
"coin" -> false "n" ->  12 "x" ->   0 │ 14134776518227074636666380005943348126619871175004951664972849610340958208/173688133855974293135356477513031861779904976998460846059186376011869694459901 (≈ 8.13e-5)
══════════════════════════════════════╪═══════════════════════════════════════════════════════════════════════════════════════════════════════════════════════════════════════════════════════════════════════════
"coin" -> false "n" ->  12 "x" ->   1 │ 14134776518227074636666380005943348126619871175004951664972849610340958208/173688133855974293135356477513031861779904976998460846059186376011869694459901 (≈ 8.13e-5)
══════════════════════════════════════╪═══════════════════════════════════════════════════════════════════════════════════════════════════════════════════════════════════════════════════════════════════════════
"coin" -> false "n" ->  12 "x" ->   2 │ 14134776518227074636666380005943348126619871175004951664972849610340958208/173688133855974293135356477513031861779904976998460846059186376011869694459901 (≈ 8.13e-5)
══════════════════════════════════════╪═══════════════════════════════════════════════════════════════════════════════════════════════════════════════════════════════════════════════════════════════════════════
"coin" -> false "n" ->  13 "x" ->   0 │ 7067388259113537318333190002971674063309935587502475832486424805170479104/173688133855974293135356477513031861779904976998460846059186376011869694459901 (≈ 4.06e-5)
══════════════════════════════════════╪═══════════════════════════════════════════════════════════════════════════════════════════════════════════════════════════════════════════════════════════════════════════
"coin" -> false "n" ->  13 "x" ->   1 │ 7067388259113537318333190002971674063309935587502475832486424805170479104/173688133855974293135356477513031861779904976998460846059186376011869694459901 (≈ 4.06e-5)
══════════════════════════════════════╪═══════════════════════════════════════════════════════════════════════════════════════════════════════════════════════════════════════════════════════════════════════════
"coin" -> false "n" ->  13 "x" ->   2 │ 7067388259113537318333190002971674063309935587502475832486424805170479104/173688133855974293135356477513031861779904976998460846059186376011869694459901 (≈ 4.06e-5)
══════════════════════════════════════╪═══════════════════════════════════════════════════════════════════════════════════════════════════════════════════════════════════════════════════════════════════════════
"coin" -> false "n" ->  14 "x" ->   0 │ 3533694129556768659166595001485837031654967793751237916243212402585239552/173688133855974293135356477513031861779904976998460846059186376011869694459901 (≈ 2.03e-5)
══════════════════════════════════════╪═══════════════════════════════════════════════════════════════════════════════════════════════════════════════════════════════════════════════════════════════════════════
"coin" -> false "n" ->  14 "x" ->   1 │ 3533694129556768659166595001485837031654967793751237916243212402585239552/173688133855974293135356477513031861779904976998460846059186376011869694459901 (≈ 2.03e-5)
══════════════════════════════════════╪═══════════════════════════════════════════════════════════════════════════════════════════════════════════════════════════════════════════════════════════════════════════
"coin" -> false "n" ->  14 "x" ->   2 │ 3533694129556768659166595001485837031654967793751237916243212402585239552/173688133855974293135356477513031861779904976998460846059186376011869694459901 (≈ 2.03e-5)
══════════════════════════════════════╪═══════════════════════════════════════════════════════════════════════════════════════════════════════════════════════════════════════════════════════════════════════════
"coin" -> false "n" ->  15 "x" ->   0 │ 1766847064778384329583297500742918515827483896875618958121606201292619776/173688133855974293135356477513031861779904976998460846059186376011869694459901 (≈ 1.01e-5)
══════════════════════════════════════╪═══════════════════════════════════════════════════════════════════════════════════════════════════════════════════════════════════════════════════════════════════════════
"coin" -> false "n" ->  15 "x" ->   1 │ 1766847064778384329583297500742918515827483896875618958121606201292619776/173688133855974293135356477513031861779904976998460846059186376011869694459901 (≈ 1.01e-5)
══════════════════════════════════════╪═══════════════════════════════════════════════════════════════════════════════════════════════════════════════════════════════════════════════════════════════════════════
"coin" -> false "n" ->  15 "x" ->   2 │ 1766847064778384329583297500742918515827483896875618958121606201292619776/173688133855974293135356477513031861779904976998460846059186376011869694459901 (≈ 1.01e-5)
══════════════════════════════════════╪═══════════════════════════════════════════════════════════════════════════════════════════════════════════════════════════════════════════════════════════════════════════
"coin" -> false "n" ->  16 "x" ->   0 │ 883423532389192164791648750371459257913741948437809479060803100646309888/173688133855974293135356477513031861779904976998460846059186376011869694459901 (≈ 5.0e-6)
══════════════════════════════════════╪═══════════════════════════════════════════════════════════════════════════════════════════════════════════════════════════════════════════════════════════════════════════
"coin" -> false "n" ->  16 "x" ->   1 │ 883423532389192164791648750371459257913741948437809479060803100646309888/173688133855974293135356477513031861779904976998460846059186376011869694459901 (≈ 5.0e-6)
══════════════════════════════════════╪═══════════════════════════════════════════════════════════════════════════════════════════════════════════════════════════════════════════════════════════════════════════
"coin" -> false "n" ->  16 "x" ->   2 │ 883423532389192164791648750371459257913741948437809479060803100646309888/173688133855974293135356477513031861779904976998460846059186376011869694459901 (≈ 5.0e-6)
══════════════════════════════════════╪═══════════════════════════════════════════════════════════════════════════════════════════════════════════════════════════════════════════════════════════════════════════
"coin" -> false "n" ->  17 "x" ->   0 │ 441711766194596082395824375185729628956870974218904739530401550323154944/173688133855974293135356477513031861779904976998460846059186376011869694459901 (≈ 2.5e-6)
══════════════════════════════════════╪═══════════════════════════════════════════════════════════════════════════════════════════════════════════════════════════════════════════════════════════════════════════
"coin" -> false "n" ->  17 "x" ->   1 │ 441711766194596082395824375185729628956870974218904739530401550323154944/173688133855974293135356477513031861779904976998460846059186376011869694459901 (≈ 2.5e-6)
══════════════════════════════════════╪═══════════════════════════════════════════════════════════════════════════════════════════════════════════════════════════════════════════════════════════════════════════
"coin" -> false "n" ->  17 "x" ->   2 │ 441711766194596082395824375185729628956870974218904739530401550323154944/173688133855974293135356477513031861779904976998460846059186376011869694459901 (≈ 2.5e-6)
══════════════════════════════════════╪═══════════════════════════════════════════════════════════════════════════════════════════════════════════════════════════════════════════════════════════════════════════
"coin" -> false "n" ->  18 "x" ->   0 │ 220855883097298041197912187592864814478435487109452369765200775161577472/173688133855974293135356477513031861779904976998460846059186376011869694459901 (≈ 1.2e-6)
══════════════════════════════════════╪═══════════════════════════════════════════════════════════════════════════════════════════════════════════════════════════════════════════════════════════════════════════
"coin" -> false "n" ->  18 "x" ->   1 │ 220855883097298041197912187592864814478435487109452369765200775161577472/173688133855974293135356477513031861779904976998460846059186376011869694459901 (≈ 1.2e-6)
══════════════════════════════════════╪═══════════════════════════════════════════════════════════════════════════════════════════════════════════════════════════════════════════════════════════════════════════
"coin" -> false "n" ->  18 "x" ->   2 │ 220855883097298041197912187592864814478435487109452369765200775161577472/173688133855974293135356477513031861779904976998460846059186376011869694459901 (≈ 1.2e-6)
══════════════════════════════════════╪═══════════════════════════════════════════════════════════════════════════════════════════════════════════════════════════════════════════════════════════════════════════
"coin" -> false "n" ->  19 "x" ->   0 │ 110427941548649020598956093796432407239217743554726184882600387580788736/173688133855974293135356477513031861779904976998460846059186376011869694459901 (≈ 6.0e-7)
══════════════════════════════════════╪═══════════════════════════════════════════════════════════════════════════════════════════════════════════════════════════════════════════════════════════════════════════
"coin" -> false "n" ->  19 "x" ->   1 │ 110427941548649020598956093796432407239217743554726184882600387580788736/173688133855974293135356477513031861779904976998460846059186376011869694459901 (≈ 6.0e-7)
══════════════════════════════════════╪═══════════════════════════════════════════════════════════════════════════════════════════════════════════════════════════════════════════════════════════════════════════
"coin" -> false "n" ->  19 "x" ->   2 │ 110427941548649020598956093796432407239217743554726184882600387580788736/173688133855974293135356477513031861779904976998460846059186376011869694459901 (≈ 6.0e-7)
══════════════════════════════════════╪═══════════════════════════════════════════════════════════════════════════════════════════════════════════════════════════════════════════════════════════════════════════
"coin" -> false "n" ->  20 "x" ->   0 │ 55213970774324510299478046898216203619608871777363092441300193790394368/173688133855974293135356477513031861779904976998460846059186376011869694459901 (≈ 3.0e-7)
══════════════════════════════════════╪═══════════════════════════════════════════════════════════════════════════════════════════════════════════════════════════════════════════════════════════════════════════
"coin" -> false "n" ->  20 "x" ->   1 │ 55213970774324510299478046898216203619608871777363092441300193790394368/173688133855974293135356477513031861779904976998460846059186376011869694459901 (≈ 3.0e-7)
══════════════════════════════════════╪═══════════════════════════════════════════════════════════════════════════════════════════════════════════════════════════════════════════════════════════════════════════
"coin" -> false "n" ->  20 "x" ->   2 │ 55213970774324510299478046898216203619608871777363092441300193790394368/173688133855974293135356477513031861779904976998460846059186376011869694459901 (≈ 3.0e-7)
══════════════════════════════════════╪═══════════════════════════════════════════════════════════════════════════════════════════════════════════════════════════════════════════════════════════════════════════
"coin" -> false "n" ->  21 "x" ->   0 │ 27606985387162255149739023449108101809804435888681546220650096895197184/173688133855974293135356477513031861779904976998460846059186376011869694459901 (≈ 1.0e-7)
══════════════════════════════════════╪═══════════════════════════════════════════════════════════════════════════════════════════════════════════════════════════════════════════════════════════════════════════
"coin" -> false "n" ->  21 "x" ->   1 │ 27606985387162255149739023449108101809804435888681546220650096895197184/173688133855974293135356477513031861779904976998460846059186376011869694459901 (≈ 1.0e-7)
══════════════════════════════════════╪═══════════════════════════════════════════════════════════════════════════════════════════════════════════════════════════════════════════════════════════════════════════
"coin" -> false "n" ->  21 "x" ->   2 │ 27606985387162255149739023449108101809804435888681546220650096895197184/173688133855974293135356477513031861779904976998460846059186376011869694459901 (≈ 1.0e-7)
══════════════════════════════════════╪═══════════════════════════════════════════════════════════════════════════════════════════════════════════════════════════════════════════════════════════════════════════
"coin" -> false "n" ->  22 "x" ->   0 │ 13803492693581127574869511724554050904902217944340773110325048447598592/173688133855974293135356477513031861779904976998460846059186376011869694459901 (≈ 0)
══════════════════════════════════════╪═══════════════════════════════════════════════════════════════════════════════════════════════════════════════════════════════════════════════════════════════════════════
"coin" -> false "n" ->  22 "x" ->   1 │ 13803492693581127574869511724554050904902217944340773110325048447598592/173688133855974293135356477513031861779904976998460846059186376011869694459901 (≈ 0)
══════════════════════════════════════╪═══════════════════════════════════════════════════════════════════════════════════════════════════════════════════════════════════════════════════════════════════════════
"coin" -> false "n" ->  22 "x" ->   2 │ 13803492693581127574869511724554050904902217944340773110325048447598592/173688133855974293135356477513031861779904976998460846059186376011869694459901 (≈ 0)
══════════════════════════════════════╪═══════════════════════════════════════════════════════════════════════════════════════════════════════════════════════════════════════════════════════════════════════════
"coin" -> false "n" ->  23 "x" ->   0 │ 6901746346790563787434755862277025452451108972170386555162524223799296/173688133855974293135356477513031861779904976998460846059186376011869694459901 (≈ 0)
══════════════════════════════════════╪═══════════════════════════════════════════════════════════════════════════════════════════════════════════════════════════════════════════════════════════════════════════
"coin" -> false "n" ->  23 "x" ->   1 │ 6901746346790563787434755862277025452451108972170386555162524223799296/173688133855974293135356477513031861779904976998460846059186376011869694459901 (≈ 0)
══════════════════════════════════════╪═══════════════════════════════════════════════════════════════════════════════════════════════════════════════════════════════════════════════════════════════════════════
"coin" -> false "n" ->  23 "x" ->   2 │ 6901746346790563787434755862277025452451108972170386555162524223799296/173688133855974293135356477513031861779904976998460846059186376011869694459901 (≈ 0)
══════════════════════════════════════╪═══════════════════════════════════════════════════════════════════════════════════════════════════════════════════════════════════════════════════════════════════════════
"coin" -> false "n" ->  24 "x" ->   0 │ 3450873173395281893717377931138512726225554486085193277581262111899648/173688133855974293135356477513031861779904976998460846059186376011869694459901 (≈ 0)
══════════════════════════════════════╪═══════════════════════════════════════════════════════════════════════════════════════════════════════════════════════════════════════════════════════════════════════════
"coin" -> false "n" ->  24 "x" ->   1 │ 3450873173395281893717377931138512726225554486085193277581262111899648/173688133855974293135356477513031861779904976998460846059186376011869694459901 (≈ 0)
══════════════════════════════════════╪═══════════════════════════════════════════════════════════════════════════════════════════════════════════════════════════════════════════════════════════════════════════
"coin" -> false "n" ->  24 "x" ->   2 │ 3450873173395281893717377931138512726225554486085193277581262111899648/173688133855974293135356477513031861779904976998460846059186376011869694459901 (≈ 0)
══════════════════════════════════════╪═══════════════════════════════════════════════════════════════════════════════════════════════════════════════════════════════════════════════════════════════════════════
"coin" -> false "n" ->  25 "x" ->   0 │ 1725436586697640946858688965569256363112777243042596638790631055949824/173688133855974293135356477513031861779904976998460846059186376011869694459901 (≈ 0)
══════════════════════════════════════╪═══════════════════════════════════════════════════════════════════════════════════════════════════════════════════════════════════════════════════════════════════════════
"coin" -> false "n" ->  25 "x" ->   1 │ 1725436586697640946858688965569256363112777243042596638790631055949824/173688133855974293135356477513031861779904976998460846059186376011869694459901 (≈ 0)
══════════════════════════════════════╪═══════════════════════════════════════════════════════════════════════════════════════════════════════════════════════════════════════════════════════════════════════════
"coin" -> false "n" ->  25 "x" ->   2 │ 1725436586697640946858688965569256363112777243042596638790631055949824/173688133855974293135356477513031861779904976998460846059186376011869694459901 (≈ 0)
══════════════════════════════════════╪═══════════════════════════════════════════════════════════════════════════════════════════════════════════════════════════════════════════════════════════════════════════
"coin" -> false "n" ->  26 "x" ->   0 │ 862718293348820473429344482784628181556388621521298319395315527974912/173688133855974293135356477513031861779904976998460846059186376011869694459901 (≈ 0)
══════════════════════════════════════╪═══════════════════════════════════════════════════════════════════════════════════════════════════════════════════════════════════════════════════════════════════════════
"coin" -> false "n" ->  26 "x" ->   1 │ 862718293348820473429344482784628181556388621521298319395315527974912/173688133855974293135356477513031861779904976998460846059186376011869694459901 (≈ 0)
══════════════════════════════════════╪═══════════════════════════════════════════════════════════════════════════════════════════════════════════════════════════════════════════════════════════════════════════
"coin" -> false "n" ->  26 "x" ->   2 │ 862718293348820473429344482784628181556388621521298319395315527974912/173688133855974293135356477513031861779904976998460846059186376011869694459901 (≈ 0)
══════════════════════════════════════╪═══════════════════════════════════════════════════════════════════════════════════════════════════════════════════════════════════════════════════════════════════════════
"coin" -> false "n" ->  27 "x" ->   0 │ 431359146674410236714672241392314090778194310760649159697657763987456/173688133855974293135356477513031861779904976998460846059186376011869694459901 (≈ 0)
══════════════════════════════════════╪═══════════════════════════════════════════════════════════════════════════════════════════════════════════════════════════════════════════════════════════════════════════
"coin" -> false "n" ->  27 "x" ->   1 │ 431359146674410236714672241392314090778194310760649159697657763987456/173688133855974293135356477513031861779904976998460846059186376011869694459901 (≈ 0)
══════════════════════════════════════╪═══════════════════════════════════════════════════════════════════════════════════════════════════════════════════════════════════════════════════════════════════════════
"coin" -> false "n" ->  27 "x" ->   2 │ 431359146674410236714672241392314090778194310760649159697657763987456/173688133855974293135356477513031861779904976998460846059186376011869694459901 (≈ 0)
══════════════════════════════════════╪═══════════════════════════════════════════════════════════════════════════════════════════════════════════════════════════════════════════════════════════════════════════
"coin" -> false "n" ->  28 "x" ->   0 │ 215679573337205118357336120696157045389097155380324579848828881993728/173688133855974293135356477513031861779904976998460846059186376011869694459901 (≈ 0)
══════════════════════════════════════╪═══════════════════════════════════════════════════════════════════════════════════════════════════════════════════════════════════════════════════════════════════════════
"coin" -> false "n" ->  28 "x" ->   1 │ 215679573337205118357336120696157045389097155380324579848828881993728/173688133855974293135356477513031861779904976998460846059186376011869694459901 (≈ 0)
══════════════════════════════════════╪═══════════════════════════════════════════════════════════════════════════════════════════════════════════════════════════════════════════════════════════════════════════
"coin" -> false "n" ->  28 "x" ->   2 │ 215679573337205118357336120696157045389097155380324579848828881993728/173688133855974293135356477513031861779904976998460846059186376011869694459901 (≈ 0)
══════════════════════════════════════╪═══════════════════════════════════════════════════════════════════════════════════════════════════════════════════════════════════════════════════════════════════════════
"coin" -> false "n" ->  29 "x" ->   0 │ 107839786668602559178668060348078522694548577690162289924414440996864/173688133855974293135356477513031861779904976998460846059186376011869694459901 (≈ 0)
══════════════════════════════════════╪═══════════════════════════════════════════════════════════════════════════════════════════════════════════════════════════════════════════════════════════════════════════
"coin" -> false "n" ->  29 "x" ->   1 │ 107839786668602559178668060348078522694548577690162289924414440996864/173688133855974293135356477513031861779904976998460846059186376011869694459901 (≈ 0)
══════════════════════════════════════╪═══════════════════════════════════════════════════════════════════════════════════════════════════════════════════════════════════════════════════════════════════════════
"coin" -> false "n" ->  29 "x" ->   2 │ 107839786668602559178668060348078522694548577690162289924414440996864/173688133855974293135356477513031861779904976998460846059186376011869694459901 (≈ 0)
══════════════════════════════════════╪═══════════════════════════════════════════════════════════════════════════════════════════════════════════════════════════════════════════════════════════════════════════
"coin" -> false "n" ->  30 "x" ->   0 │ 53919893334301279589334030174039261347274288845081144962207220498432/173688133855974293135356477513031861779904976998460846059186376011869694459901 (≈ 0)
══════════════════════════════════════╪═══════════════════════════════════════════════════════════════════════════════════════════════════════════════════════════════════════════════════════════════════════════
"coin" -> false "n" ->  30 "x" ->   1 │ 53919893334301279589334030174039261347274288845081144962207220498432/173688133855974293135356477513031861779904976998460846059186376011869694459901 (≈ 0)
══════════════════════════════════════╪═══════════════════════════════════════════════════════════════════════════════════════════════════════════════════════════════════════════════════════════════════════════
"coin" -> false "n" ->  30 "x" ->   2 │ 53919893334301279589334030174039261347274288845081144962207220498432/173688133855974293135356477513031861779904976998460846059186376011869694459901 (≈ 0)
══════════════════════════════════════╪═══════════════════════════════════════════════════════════════════════════════════════════════════════════════════════════════════════════════════════════════════════════
"coin" -> false "n" ->  31 "x" ->   0 │ 26959946667150639794667015087019630673637144422540572481103610249216/173688133855974293135356477513031861779904976998460846059186376011869694459901 (≈ 0)
══════════════════════════════════════╪═══════════════════════════════════════════════════════════════════════════════════════════════════════════════════════════════════════════════════════════════════════════
"coin" -> false "n" ->  31 "x" ->   1 │ 26959946667150639794667015087019630673637144422540572481103610249216/173688133855974293135356477513031861779904976998460846059186376011869694459901 (≈ 0)
══════════════════════════════════════╪═══════════════════════════════════════════════════════════════════════════════════════════════════════════════════════════════════════════════════════════════════════════
"coin" -> false "n" ->  31 "x" ->   2 │ 26959946667150639794667015087019630673637144422540572481103610249216/173688133855974293135356477513031861779904976998460846059186376011869694459901 (≈ 0)
══════════════════════════════════════╪═══════════════════════════════════════════════════════════════════════════════════════════════════════════════════════════════════════════════════════════════════════════
"coin" -> false "n" ->  32 "x" ->   0 │ 13479973333575319897333507543509815336818572211270286240551805124608/173688133855974293135356477513031861779904976998460846059186376011869694459901 (≈ 0)
══════════════════════════════════════╪═══════════════════════════════════════════════════════════════════════════════════════════════════════════════════════════════════════════════════════════════════════════
"coin" -> false "n" ->  32 "x" ->   1 │ 13479973333575319897333507543509815336818572211270286240551805124608/173688133855974293135356477513031861779904976998460846059186376011869694459901 (≈ 0)
══════════════════════════════════════╪═══════════════════════════════════════════════════════════════════════════════════════════════════════════════════════════════════════════════════════════════════════════
"coin" -> false "n" ->  32 "x" ->   2 │ 13479973333575319897333507543509815336818572211270286240551805124608/173688133855974293135356477513031861779904976998460846059186376011869694459901 (≈ 0)
══════════════════════════════════════╪═══════════════════════════════════════════════════════════════════════════════════════════════════════════════════════════════════════════════════════════════════════════
"coin" -> false "n" ->  33 "x" ->   0 │ 6739986666787659948666753771754907668409286105635143120275902562304/173688133855974293135356477513031861779904976998460846059186376011869694459901 (≈ 0)
══════════════════════════════════════╪═══════════════════════════════════════════════════════════════════════════════════════════════════════════════════════════════════════════════════════════════════════════
"coin" -> false "n" ->  33 "x" ->   1 │ 6739986666787659948666753771754907668409286105635143120275902562304/173688133855974293135356477513031861779904976998460846059186376011869694459901 (≈ 0)
══════════════════════════════════════╪═══════════════════════════════════════════════════════════════════════════════════════════════════════════════════════════════════════════════════════════════════════════
"coin" -> false "n" ->  33 "x" ->   2 │ 6739986666787659948666753771754907668409286105635143120275902562304/173688133855974293135356477513031861779904976998460846059186376011869694459901 (≈ 0)
══════════════════════════════════════╪═══════════════════════════════════════════════════════════════════════════════════════════════════════════════════════════════════════════════════════════════════════════
"coin" -> false "n" ->  34 "x" ->   0 │ 3369993333393829974333376885877453834204643052817571560137951281152/173688133855974293135356477513031861779904976998460846059186376011869694459901 (≈ 0)
══════════════════════════════════════╪═══════════════════════════════════════════════════════════════════════════════════════════════════════════════════════════════════════════════════════════════════════════
"coin" -> false "n" ->  34 "x" ->   1 │ 3369993333393829974333376885877453834204643052817571560137951281152/173688133855974293135356477513031861779904976998460846059186376011869694459901 (≈ 0)
══════════════════════════════════════╪═══════════════════════════════════════════════════════════════════════════════════════════════════════════════════════════════════════════════════════════════════════════
"coin" -> false "n" ->  34 "x" ->   2 │ 3369993333393829974333376885877453834204643052817571560137951281152/173688133855974293135356477513031861779904976998460846059186376011869694459901 (≈ 0)
══════════════════════════════════════╪═══════════════════════════════════════════════════════════════════════════════════════════════════════════════════════════════════════════════════════════════════════════
"coin" -> false "n" ->  35 "x" ->   0 │ 1684996666696914987166688442938726917102321526408785780068975640576/173688133855974293135356477513031861779904976998460846059186376011869694459901 (≈ 0)
══════════════════════════════════════╪═══════════════════════════════════════════════════════════════════════════════════════════════════════════════════════════════════════════════════════════════════════════
"coin" -> false "n" ->  35 "x" ->   1 │ 1684996666696914987166688442938726917102321526408785780068975640576/173688133855974293135356477513031861779904976998460846059186376011869694459901 (≈ 0)
══════════════════════════════════════╪═══════════════════════════════════════════════════════════════════════════════════════════════════════════════════════════════════════════════════════════════════════════
"coin" -> false "n" ->  35 "x" ->   2 │ 1684996666696914987166688442938726917102321526408785780068975640576/173688133855974293135356477513031861779904976998460846059186376011869694459901 (≈ 0)
══════════════════════════════════════╪═══════════════════════════════════════════════════════════════════════════════════════════════════════════════════════════════════════════════════════════════════════════
"coin" -> false "n" ->  36 "x" ->   0 │ 842498333348457493583344221469363458551160763204392890034487820288/173688133855974293135356477513031861779904976998460846059186376011869694459901 (≈ 0)
══════════════════════════════════════╪═══════════════════════════════════════════════════════════════════════════════════════════════════════════════════════════════════════════════════════════════════════════
"coin" -> false "n" ->  36 "x" ->   1 │ 842498333348457493583344221469363458551160763204392890034487820288/173688133855974293135356477513031861779904976998460846059186376011869694459901 (≈ 0)
══════════════════════════════════════╪═══════════════════════════════════════════════════════════════════════════════════════════════════════════════════════════════════════════════════════════════════════════
"coin" -> false "n" ->  36 "x" ->   2 │ 842498333348457493583344221469363458551160763204392890034487820288/173688133855974293135356477513031861779904976998460846059186376011869694459901 (≈ 0)
══════════════════════════════════════╪═══════════════════════════════════════════════════════════════════════════════════════════════════════════════════════════════════════════════════════════════════════════
"coin" -> false "n" ->  37 "x" ->   0 │ 421249166674228746791672110734681729275580381602196445017243910144/173688133855974293135356477513031861779904976998460846059186376011869694459901 (≈ 0)
══════════════════════════════════════╪═══════════════════════════════════════════════════════════════════════════════════════════════════════════════════════════════════════════════════════════════════════════
"coin" -> false "n" ->  37 "x" ->   1 │ 421249166674228746791672110734681729275580381602196445017243910144/173688133855974293135356477513031861779904976998460846059186376011869694459901 (≈ 0)
══════════════════════════════════════╪═══════════════════════════════════════════════════════════════════════════════════════════════════════════════════════════════════════════════════════════════════════════
"coin" -> false "n" ->  37 "x" ->   2 │ 421249166674228746791672110734681729275580381602196445017243910144/173688133855974293135356477513031861779904976998460846059186376011869694459901 (≈ 0)
══════════════════════════════════════╪═══════════════════════════════════════════════════════════════════════════════════════════════════════════════════════════════════════════════════════════════════════════
"coin" -> false "n" ->  38 "x" ->   0 │ 210624583337114373395836055367340864637790190801098222508621955072/173688133855974293135356477513031861779904976998460846059186376011869694459901 (≈ 0)
══════════════════════════════════════╪═══════════════════════════════════════════════════════════════════════════════════════════════════════════════════════════════════════════════════════════════════════════
"coin" -> false "n" ->  38 "x" ->   1 │ 210624583337114373395836055367340864637790190801098222508621955072/173688133855974293135356477513031861779904976998460846059186376011869694459901 (≈ 0)
══════════════════════════════════════╪═══════════════════════════════════════════════════════════════════════════════════════════════════════════════════════════════════════════════════════════════════════════
"coin" -> false "n" ->  38 "x" ->   2 │ 210624583337114373395836055367340864637790190801098222508621955072/173688133855974293135356477513031861779904976998460846059186376011869694459901 (≈ 0)
══════════════════════════════════════╪═══════════════════════════════════════════════════════════════════════════════════════════════════════════════════════════════════════════════════════════════════════════
"coin" -> false "n" ->  39 "x" ->   0 │ 105312291668557186697918027683670432318895095400549111254310977536/173688133855974293135356477513031861779904976998460846059186376011869694459901 (≈ 0)
══════════════════════════════════════╪═══════════════════════════════════════════════════════════════════════════════════════════════════════════════════════════════════════════════════════════════════════════
"coin" -> false "n" ->  39 "x" ->   1 │ 105312291668557186697918027683670432318895095400549111254310977536/173688133855974293135356477513031861779904976998460846059186376011869694459901 (≈ 0)
══════════════════════════════════════╪═══════════════════════════════════════════════════════════════════════════════════════════════════════════════════════════════════════════════════════════════════════════
"coin" -> false "n" ->  39 "x" ->   2 │ 105312291668557186697918027683670432318895095400549111254310977536/173688133855974293135356477513031861779904976998460846059186376011869694459901 (≈ 0)
══════════════════════════════════════╪═══════════════════════════════════════════════════════════════════════════════════════════════════════════════════════════════════════════════════════════════════════════
"coin" -> false "n" ->  40 "x" ->   0 │ 52656145834278593348959013841835216159447547700274555627155488768/173688133855974293135356477513031861779904976998460846059186376011869694459901 (≈ 0)
══════════════════════════════════════╪═══════════════════════════════════════════════════════════════════════════════════════════════════════════════════════════════════════════════════════════════════════════
"coin" -> false "n" ->  40 "x" ->   1 │ 52656145834278593348959013841835216159447547700274555627155488768/173688133855974293135356477513031861779904976998460846059186376011869694459901 (≈ 0)
══════════════════════════════════════╪═══════════════════════════════════════════════════════════════════════════════════════════════════════════════════════════════════════════════════════════════════════════
"coin" -> false "n" ->  40 "x" ->   2 │ 52656145834278593348959013841835216159447547700274555627155488768/173688133855974293135356477513031861779904976998460846059186376011869694459901 (≈ 0)
══════════════════════════════════════╪═══════════════════════════════════════════════════════════════════════════════════════════════════════════════════════════════════════════════════════════════════════════
"coin" -> false "n" ->  41 "x" ->   0 │ 26328072917139296674479506920917608079723773850137277813577744384/173688133855974293135356477513031861779904976998460846059186376011869694459901 (≈ 0)
══════════════════════════════════════╪═══════════════════════════════════════════════════════════════════════════════════════════════════════════════════════════════════════════════════════════════════════════
"coin" -> false "n" ->  41 "x" ->   1 │ 26328072917139296674479506920917608079723773850137277813577744384/173688133855974293135356477513031861779904976998460846059186376011869694459901 (≈ 0)
══════════════════════════════════════╪═══════════════════════════════════════════════════════════════════════════════════════════════════════════════════════════════════════════════════════════════════════════
"coin" -> false "n" ->  41 "x" ->   2 │ 26328072917139296674479506920917608079723773850137277813577744384/173688133855974293135356477513031861779904976998460846059186376011869694459901 (≈ 0)
══════════════════════════════════════╪═══════════════════════════════════════════════════════════════════════════════════════════════════════════════════════════════════════════════════════════════════════════
"coin" -> false "n" ->  42 "x" ->   0 │ 13164036458569648337239753460458804039861886925068638906788872192/173688133855974293135356477513031861779904976998460846059186376011869694459901 (≈ 0)
══════════════════════════════════════╪═══════════════════════════════════════════════════════════════════════════════════════════════════════════════════════════════════════════════════════════════════════════
"coin" -> false "n" ->  42 "x" ->   1 │ 13164036458569648337239753460458804039861886925068638906788872192/173688133855974293135356477513031861779904976998460846059186376011869694459901 (≈ 0)
══════════════════════════════════════╪═══════════════════════════════════════════════════════════════════════════════════════════════════════════════════════════════════════════════════════════════════════════
"coin" -> false "n" ->  42 "x" ->   2 │ 13164036458569648337239753460458804039861886925068638906788872192/173688133855974293135356477513031861779904976998460846059186376011869694459901 (≈ 0)
══════════════════════════════════════╪═══════════════════════════════════════════════════════════════════════════════════════════════════════════════════════════════════════════════════════════════════════════
"coin" -> false "n" ->  43 "x" ->   0 │ 6582018229284824168619876730229402019930943462534319453394436096/173688133855974293135356477513031861779904976998460846059186376011869694459901 (≈ 0)
══════════════════════════════════════╪═══════════════════════════════════════════════════════════════════════════════════════════════════════════════════════════════════════════════════════════════════════════
"coin" -> false "n" ->  43 "x" ->   1 │ 6582018229284824168619876730229402019930943462534319453394436096/173688133855974293135356477513031861779904976998460846059186376011869694459901 (≈ 0)
══════════════════════════════════════╪═══════════════════════════════════════════════════════════════════════════════════════════════════════════════════════════════════════════════════════════════════════════
"coin" -> false "n" ->  43 "x" ->   2 │ 6582018229284824168619876730229402019930943462534319453394436096/173688133855974293135356477513031861779904976998460846059186376011869694459901 (≈ 0)
══════════════════════════════════════╪═══════════════════════════════════════════════════════════════════════════════════════════════════════════════════════════════════════════════════════════════════════════
"coin" -> false "n" ->  44 "x" ->   0 │ 3291009114642412084309938365114701009965471731267159726697218048/173688133855974293135356477513031861779904976998460846059186376011869694459901 (≈ 0)
══════════════════════════════════════╪═══════════════════════════════════════════════════════════════════════════════════════════════════════════════════════════════════════════════════════════════════════════
"coin" -> false "n" ->  44 "x" ->   1 │ 3291009114642412084309938365114701009965471731267159726697218048/173688133855974293135356477513031861779904976998460846059186376011869694459901 (≈ 0)
══════════════════════════════════════╪═══════════════════════════════════════════════════════════════════════════════════════════════════════════════════════════════════════════════════════════════════════════
"coin" -> false "n" ->  44 "x" ->   2 │ 3291009114642412084309938365114701009965471731267159726697218048/173688133855974293135356477513031861779904976998460846059186376011869694459901 (≈ 0)
══════════════════════════════════════╪═══════════════════════════════════════════════════════════════════════════════════════════════════════════════════════════════════════════════════════════════════════════
"coin" -> false "n" ->  45 "x" ->   0 │ 1645504557321206042154969182557350504982735865633579863348609024/173688133855974293135356477513031861779904976998460846059186376011869694459901 (≈ 0)
══════════════════════════════════════╪═══════════════════════════════════════════════════════════════════════════════════════════════════════════════════════════════════════════════════════════════════════════
"coin" -> false "n" ->  45 "x" ->   1 │ 1645504557321206042154969182557350504982735865633579863348609024/173688133855974293135356477513031861779904976998460846059186376011869694459901 (≈ 0)
══════════════════════════════════════╪═══════════════════════════════════════════════════════════════════════════════════════════════════════════════════════════════════════════════════════════════════════════
"coin" -> false "n" ->  45 "x" ->   2 │ 1645504557321206042154969182557350504982735865633579863348609024/173688133855974293135356477513031861779904976998460846059186376011869694459901 (≈ 0)
══════════════════════════════════════╪═══════════════════════════════════════════════════════════════════════════════════════════════════════════════════════════════════════════════════════════════════════════
"coin" -> false "n" ->  46 "x" ->   0 │ 822752278660603021077484591278675252491367932816789931674304512/173688133855974293135356477513031861779904976998460846059186376011869694459901 (≈ 0)
══════════════════════════════════════╪═══════════════════════════════════════════════════════════════════════════════════════════════════════════════════════════════════════════════════════════════════════════
"coin" -> false "n" ->  46 "x" ->   1 │ 822752278660603021077484591278675252491367932816789931674304512/173688133855974293135356477513031861779904976998460846059186376011869694459901 (≈ 0)
══════════════════════════════════════╪═══════════════════════════════════════════════════════════════════════════════════════════════════════════════════════════════════════════════════════════════════════════
"coin" -> false "n" ->  46 "x" ->   2 │ 822752278660603021077484591278675252491367932816789931674304512/173688133855974293135356477513031861779904976998460846059186376011869694459901 (≈ 0)
══════════════════════════════════════╪═══════════════════════════════════════════════════════════════════════════════════════════════════════════════════════════════════════════════════════════════════════════
"coin" -> false "n" ->  47 "x" ->   0 │ 411376139330301510538742295639337626245683966408394965837152256/173688133855974293135356477513031861779904976998460846059186376011869694459901 (≈ 0)
══════════════════════════════════════╪═══════════════════════════════════════════════════════════════════════════════════════════════════════════════════════════════════════════════════════════════════════════
"coin" -> false "n" ->  47 "x" ->   1 │ 411376139330301510538742295639337626245683966408394965837152256/173688133855974293135356477513031861779904976998460846059186376011869694459901 (≈ 0)
══════════════════════════════════════╪═══════════════════════════════════════════════════════════════════════════════════════════════════════════════════════════════════════════════════════════════════════════
"coin" -> false "n" ->  47 "x" ->   2 │ 411376139330301510538742295639337626245683966408394965837152256/173688133855974293135356477513031861779904976998460846059186376011869694459901 (≈ 0)
══════════════════════════════════════╪═══════════════════════════════════════════════════════════════════════════════════════════════════════════════════════════════════════════════════════════════════════════
"coin" -> false "n" ->  48 "x" ->   0 │ 205688069665150755269371147819668813122841983204197482918576128/173688133855974293135356477513031861779904976998460846059186376011869694459901 (≈ 0)
══════════════════════════════════════╪═══════════════════════════════════════════════════════════════════════════════════════════════════════════════════════════════════════════════════════════════════════════
"coin" -> false "n" ->  48 "x" ->   1 │ 205688069665150755269371147819668813122841983204197482918576128/173688133855974293135356477513031861779904976998460846059186376011869694459901 (≈ 0)
══════════════════════════════════════╪═══════════════════════════════════════════════════════════════════════════════════════════════════════════════════════════════════════════════════════════════════════════
"coin" -> false "n" ->  48 "x" ->   2 │ 205688069665150755269371147819668813122841983204197482918576128/173688133855974293135356477513031861779904976998460846059186376011869694459901 (≈ 0)
══════════════════════════════════════╪═══════════════════════════════════════════════════════════════════════════════════════════════════════════════════════════════════════════════════════════════════════════
"coin" -> false "n" ->  49 "x" ->   0 │ 102844034832575377634685573909834406561420991602098741459288064/173688133855974293135356477513031861779904976998460846059186376011869694459901 (≈ 0)
══════════════════════════════════════╪═══════════════════════════════════════════════════════════════════════════════════════════════════════════════════════════════════════════════════════════════════════════
"coin" -> false "n" ->  49 "x" ->   1 │ 102844034832575377634685573909834406561420991602098741459288064/173688133855974293135356477513031861779904976998460846059186376011869694459901 (≈ 0)
══════════════════════════════════════╪═══════════════════════════════════════════════════════════════════════════════════════════════════════════════════════════════════════════════════════════════════════════
"coin" -> false "n" ->  49 "x" ->   2 │ 102844034832575377634685573909834406561420991602098741459288064/173688133855974293135356477513031861779904976998460846059186376011869694459901 (≈ 0)
══════════════════════════════════════╪═══════════════════════════════════════════════════════════════════════════════════════════════════════════════════════════════════════════════════════════════════════════
"coin" -> false "n" ->  50 "x" ->   0 │ 51422017416287688817342786954917203280710495801049370729644032/173688133855974293135356477513031861779904976998460846059186376011869694459901 (≈ 0)
══════════════════════════════════════╪═══════════════════════════════════════════════════════════════════════════════════════════════════════════════════════════════════════════════════════════════════════════
"coin" -> false "n" ->  50 "x" ->   1 │ 51422017416287688817342786954917203280710495801049370729644032/173688133855974293135356477513031861779904976998460846059186376011869694459901 (≈ 0)
══════════════════════════════════════╪═══════════════════════════════════════════════════════════════════════════════════════════════════════════════════════════════════════════════════════════════════════════
"coin" -> false "n" ->  50 "x" ->   2 │ 51422017416287688817342786954917203280710495801049370729644032/173688133855974293135356477513031861779904976998460846059186376011869694459901 (≈ 0)
══════════════════════════════════════╪═══════════════════════════════════════════════════════════════════════════════════════════════════════════════════════════════════════════════════════════════════════════
"coin" -> false "n" ->  51 "x" ->   0 │ 25711008708143844408671393477458601640355247900524685364822016/173688133855974293135356477513031861779904976998460846059186376011869694459901 (≈ 0)
══════════════════════════════════════╪═══════════════════════════════════════════════════════════════════════════════════════════════════════════════════════════════════════════════════════════════════════════
"coin" -> false "n" ->  51 "x" ->   1 │ 25711008708143844408671393477458601640355247900524685364822016/173688133855974293135356477513031861779904976998460846059186376011869694459901 (≈ 0)
══════════════════════════════════════╪═══════════════════════════════════════════════════════════════════════════════════════════════════════════════════════════════════════════════════════════════════════════
"coin" -> false "n" ->  51 "x" ->   2 │ 25711008708143844408671393477458601640355247900524685364822016/173688133855974293135356477513031861779904976998460846059186376011869694459901 (≈ 0)
══════════════════════════════════════╪═══════════════════════════════════════════════════════════════════════════════════════════════════════════════════════════════════════════════════════════════════════════
"coin" -> false "n" ->  52 "x" ->   0 │ 12855504354071922204335696738729300820177623950262342682411008/173688133855974293135356477513031861779904976998460846059186376011869694459901 (≈ 0)
══════════════════════════════════════╪═══════════════════════════════════════════════════════════════════════════════════════════════════════════════════════════════════════════════════════════════════════════
"coin" -> false "n" ->  52 "x" ->   1 │ 12855504354071922204335696738729300820177623950262342682411008/173688133855974293135356477513031861779904976998460846059186376011869694459901 (≈ 0)
══════════════════════════════════════╪═══════════════════════════════════════════════════════════════════════════════════════════════════════════════════════════════════════════════════════════════════════════
"coin" -> false "n" ->  52 "x" ->   2 │ 12855504354071922204335696738729300820177623950262342682411008/173688133855974293135356477513031861779904976998460846059186376011869694459901 (≈ 0)
══════════════════════════════════════╪═══════════════════════════════════════════════════════════════════════════════════════════════════════════════════════════════════════════════════════════════════════════
"coin" -> false "n" ->  53 "x" ->   0 │ 6427752177035961102167848369364650410088811975131171341205504/173688133855974293135356477513031861779904976998460846059186376011869694459901 (≈ 0)
══════════════════════════════════════╪═══════════════════════════════════════════════════════════════════════════════════════════════════════════════════════════════════════════════════════════════════════════
"coin" -> false "n" ->  53 "x" ->   1 │ 6427752177035961102167848369364650410088811975131171341205504/173688133855974293135356477513031861779904976998460846059186376011869694459901 (≈ 0)
══════════════════════════════════════╪═══════════════════════════════════════════════════════════════════════════════════════════════════════════════════════════════════════════════════════════════════════════
"coin" -> false "n" ->  53 "x" ->   2 │ 6427752177035961102167848369364650410088811975131171341205504/173688133855974293135356477513031861779904976998460846059186376011869694459901 (≈ 0)
══════════════════════════════════════╪═══════════════════════════════════════════════════════════════════════════════════════════════════════════════════════════════════════════════════════════════════════════
"coin" -> false "n" ->  54 "x" ->   0 │ 3213876088517980551083924184682325205044405987565585670602752/173688133855974293135356477513031861779904976998460846059186376011869694459901 (≈ 0)
══════════════════════════════════════╪═══════════════════════════════════════════════════════════════════════════════════════════════════════════════════════════════════════════════════════════════════════════
"coin" -> false "n" ->  54 "x" ->   1 │ 3213876088517980551083924184682325205044405987565585670602752/173688133855974293135356477513031861779904976998460846059186376011869694459901 (≈ 0)
══════════════════════════════════════╪═══════════════════════════════════════════════════════════════════════════════════════════════════════════════════════════════════════════════════════════════════════════
"coin" -> false "n" ->  54 "x" ->   2 │ 3213876088517980551083924184682325205044405987565585670602752/173688133855974293135356477513031861779904976998460846059186376011869694459901 (≈ 0)
══════════════════════════════════════╪═══════════════════════════════════════════════════════════════════════════════════════════════════════════════════════════════════════════════════════════════════════════
"coin" -> false "n" ->  55 "x" ->   0 │ 1606938044258990275541962092341162602522202993782792835301376/173688133855974293135356477513031861779904976998460846059186376011869694459901 (≈ 0)
══════════════════════════════════════╪═══════════════════════════════════════════════════════════════════════════════════════════════════════════════════════════════════════════════════════════════════════════
"coin" -> false "n" ->  55 "x" ->   1 │ 1606938044258990275541962092341162602522202993782792835301376/173688133855974293135356477513031861779904976998460846059186376011869694459901 (≈ 0)
══════════════════════════════════════╪═══════════════════════════════════════════════════════════════════════════════════════════════════════════════════════════════════════════════════════════════════════════
"coin" -> false "n" ->  55 "x" ->   2 │ 1606938044258990275541962092341162602522202993782792835301376/173688133855974293135356477513031861779904976998460846059186376011869694459901 (≈ 0)
══════════════════════════════════════╪═══════════════════════════════════════════════════════════════════════════════════════════════════════════════════════════════════════════════════════════════════════════
"coin" -> false "n" ->  56 "x" ->   0 │ 803469022129495137770981046170581301261101496891396417650688/173688133855974293135356477513031861779904976998460846059186376011869694459901 (≈ 0)
══════════════════════════════════════╪═══════════════════════════════════════════════════════════════════════════════════════════════════════════════════════════════════════════════════════════════════════════
"coin" -> false "n" ->  56 "x" ->   1 │ 803469022129495137770981046170581301261101496891396417650688/173688133855974293135356477513031861779904976998460846059186376011869694459901 (≈ 0)
══════════════════════════════════════╪═══════════════════════════════════════════════════════════════════════════════════════════════════════════════════════════════════════════════════════════════════════════
"coin" -> false "n" ->  56 "x" ->   2 │ 803469022129495137770981046170581301261101496891396417650688/173688133855974293135356477513031861779904976998460846059186376011869694459901 (≈ 0)
══════════════════════════════════════╪═══════════════════════════════════════════════════════════════════════════════════════════════════════════════════════════════════════════════════════════════════════════
"coin" -> false "n" ->  57 "x" ->   0 │ 401734511064747568885490523085290650630550748445698208825344/173688133855974293135356477513031861779904976998460846059186376011869694459901 (≈ 0)
══════════════════════════════════════╪═══════════════════════════════════════════════════════════════════════════════════════════════════════════════════════════════════════════════════════════════════════════
"coin" -> false "n" ->  57 "x" ->   1 │ 401734511064747568885490523085290650630550748445698208825344/173688133855974293135356477513031861779904976998460846059186376011869694459901 (≈ 0)
══════════════════════════════════════╪═══════════════════════════════════════════════════════════════════════════════════════════════════════════════════════════════════════════════════════════════════════════
"coin" -> false "n" ->  57 "x" ->   2 │ 401734511064747568885490523085290650630550748445698208825344/173688133855974293135356477513031861779904976998460846059186376011869694459901 (≈ 0)
══════════════════════════════════════╪═══════════════════════════════════════════════════════════════════════════════════════════════════════════════════════════════════════════════════════════════════════════
"coin" -> false "n" ->  58 "x" ->   0 │ 200867255532373784442745261542645325315275374222849104412672/173688133855974293135356477513031861779904976998460846059186376011869694459901 (≈ 0)
══════════════════════════════════════╪═══════════════════════════════════════════════════════════════════════════════════════════════════════════════════════════════════════════════════════════════════════════
"coin" -> false "n" ->  58 "x" ->   1 │ 200867255532373784442745261542645325315275374222849104412672/173688133855974293135356477513031861779904976998460846059186376011869694459901 (≈ 0)
══════════════════════════════════════╪═══════════════════════════════════════════════════════════════════════════════════════════════════════════════════════════════════════════════════════════════════════════
"coin" -> false "n" ->  58 "x" ->   2 │ 200867255532373784442745261542645325315275374222849104412672/173688133855974293135356477513031861779904976998460846059186376011869694459901 (≈ 0)
══════════════════════════════════════╪═══════════════════════════════════════════════════════════════════════════════════════════════════════════════════════════════════════════════════════════════════════════
"coin" -> false "n" ->  59 "x" ->   0 │ 100433627766186892221372630771322662657637687111424552206336/173688133855974293135356477513031861779904976998460846059186376011869694459901 (≈ 0)
══════════════════════════════════════╪═══════════════════════════════════════════════════════════════════════════════════════════════════════════════════════════════════════════════════════════════════════════
"coin" -> false "n" ->  59 "x" ->   1 │ 100433627766186892221372630771322662657637687111424552206336/173688133855974293135356477513031861779904976998460846059186376011869694459901 (≈ 0)
══════════════════════════════════════╪═══════════════════════════════════════════════════════════════════════════════════════════════════════════════════════════════════════════════════════════════════════════
"coin" -> false "n" ->  59 "x" ->   2 │ 100433627766186892221372630771322662657637687111424552206336/173688133855974293135356477513031861779904976998460846059186376011869694459901 (≈ 0)
══════════════════════════════════════╪═══════════════════════════════════════════════════════════════════════════════════════════════════════════════════════════════════════════════════════════════════════════
"coin" -> false "n" ->  60 "x" ->   0 │ 50216813883093446110686315385661331328818843555712276103168/173688133855974293135356477513031861779904976998460846059186376011869694459901 (≈ 0)
══════════════════════════════════════╪═══════════════════════════════════════════════════════════════════════════════════════════════════════════════════════════════════════════════════════════════════════════
"coin" -> false "n" ->  60 "x" ->   1 │ 50216813883093446110686315385661331328818843555712276103168/173688133855974293135356477513031861779904976998460846059186376011869694459901 (≈ 0)
══════════════════════════════════════╪═══════════════════════════════════════════════════════════════════════════════════════════════════════════════════════════════════════════════════════════════════════════
"coin" -> false "n" ->  60 "x" ->   2 │ 50216813883093446110686315385661331328818843555712276103168/173688133855974293135356477513031861779904976998460846059186376011869694459901 (≈ 0)
══════════════════════════════════════╪═══════════════════════════════════════════════════════════════════════════════════════════════════════════════════════════════════════════════════════════════════════════
"coin" -> false "n" ->  61 "x" ->   0 │ 25108406941546723055343157692830665664409421777856138051584/173688133855974293135356477513031861779904976998460846059186376011869694459901 (≈ 0)
══════════════════════════════════════╪═══════════════════════════════════════════════════════════════════════════════════════════════════════════════════════════════════════════════════════════════════════════
"coin" -> false "n" ->  61 "x" ->   1 │ 25108406941546723055343157692830665664409421777856138051584/173688133855974293135356477513031861779904976998460846059186376011869694459901 (≈ 0)
══════════════════════════════════════╪═══════════════════════════════════════════════════════════════════════════════════════════════════════════════════════════════════════════════════════════════════════════
"coin" -> false "n" ->  61 "x" ->   2 │ 25108406941546723055343157692830665664409421777856138051584/173688133855974293135356477513031861779904976998460846059186376011869694459901 (≈ 0)
══════════════════════════════════════╪═══════════════════════════════════════════════════════════════════════════════════════════════════════════════════════════════════════════════════════════════════════════
"coin" -> false "n" ->  62 "x" ->   0 │ 12554203470773361527671578846415332832204710888928069025792/173688133855974293135356477513031861779904976998460846059186376011869694459901 (≈ 0)
══════════════════════════════════════╪═══════════════════════════════════════════════════════════════════════════════════════════════════════════════════════════════════════════════════════════════════════════
"coin" -> false "n" ->  62 "x" ->   1 │ 12554203470773361527671578846415332832204710888928069025792/173688133855974293135356477513031861779904976998460846059186376011869694459901 (≈ 0)
══════════════════════════════════════╪═══════════════════════════════════════════════════════════════════════════════════════════════════════════════════════════════════════════════════════════════════════════
"coin" -> false "n" ->  62 "x" ->   2 │ 12554203470773361527671578846415332832204710888928069025792/173688133855974293135356477513031861779904976998460846059186376011869694459901 (≈ 0)
══════════════════════════════════════╪═══════════════════════════════════════════════════════════════════════════════════════════════════════════════════════════════════════════════════════════════════════════
"coin" -> false "n" ->  63 "x" ->   0 │ 6277101735386680763835789423207666416102355444464034512896/173688133855974293135356477513031861779904976998460846059186376011869694459901 (≈ 0)
══════════════════════════════════════╪═══════════════════════════════════════════════════════════════════════════════════════════════════════════════════════════════════════════════════════════════════════════
"coin" -> false "n" ->  63 "x" ->   1 │ 6277101735386680763835789423207666416102355444464034512896/173688133855974293135356477513031861779904976998460846059186376011869694459901 (≈ 0)
══════════════════════════════════════╪═══════════════════════════════════════════════════════════════════════════════════════════════════════════════════════════════════════════════════════════════════════════
"coin" -> false "n" ->  63 "x" ->   2 │ 6277101735386680763835789423207666416102355444464034512896/173688133855974293135356477513031861779904976998460846059186376011869694459901 (≈ 0)
══════════════════════════════════════╪═══════════════════════════════════════════════════════════════════════════════════════════════════════════════════════════════════════════════════════════════════════════
"coin" -> false "n" ->  64 "x" ->   0 │ 3138550867693340381917894711603833208051177722232017256448/173688133855974293135356477513031861779904976998460846059186376011869694459901 (≈ 0)
══════════════════════════════════════╪═══════════════════════════════════════════════════════════════════════════════════════════════════════════════════════════════════════════════════════════════════════════
"coin" -> false "n" ->  64 "x" ->   1 │ 3138550867693340381917894711603833208051177722232017256448/173688133855974293135356477513031861779904976998460846059186376011869694459901 (≈ 0)
══════════════════════════════════════╪═══════════════════════════════════════════════════════════════════════════════════════════════════════════════════════════════════════════════════════════════════════════
"coin" -> false "n" ->  64 "x" ->   2 │ 3138550867693340381917894711603833208051177722232017256448/173688133855974293135356477513031861779904976998460846059186376011869694459901 (≈ 0)
══════════════════════════════════════╪═══════════════════════════════════════════════════════════════════════════════════════════════════════════════════════════════════════════════════════════════════════════
"coin" -> false "n" ->  65 "x" ->   0 │ 1569275433846670190958947355801916604025588861116008628224/173688133855974293135356477513031861779904976998460846059186376011869694459901 (≈ 0)
══════════════════════════════════════╪═══════════════════════════════════════════════════════════════════════════════════════════════════════════════════════════════════════════════════════════════════════════
"coin" -> false "n" ->  65 "x" ->   1 │ 1569275433846670190958947355801916604025588861116008628224/173688133855974293135356477513031861779904976998460846059186376011869694459901 (≈ 0)
══════════════════════════════════════╪═══════════════════════════════════════════════════════════════════════════════════════════════════════════════════════════════════════════════════════════════════════════
"coin" -> false "n" ->  65 "x" ->   2 │ 1569275433846670190958947355801916604025588861116008628224/173688133855974293135356477513031861779904976998460846059186376011869694459901 (≈ 0)
══════════════════════════════════════╪═══════════════════════════════════════════════════════════════════════════════════════════════════════════════════════════════════════════════════════════════════════════
"coin" -> false "n" ->  66 "x" ->   0 │ 784637716923335095479473677900958302012794430558004314112/173688133855974293135356477513031861779904976998460846059186376011869694459901 (≈ 0)
══════════════════════════════════════╪═══════════════════════════════════════════════════════════════════════════════════════════════════════════════════════════════════════════════════════════════════════════
"coin" -> false "n" ->  66 "x" ->   1 │ 784637716923335095479473677900958302012794430558004314112/173688133855974293135356477513031861779904976998460846059186376011869694459901 (≈ 0)
══════════════════════════════════════╪═══════════════════════════════════════════════════════════════════════════════════════════════════════════════════════════════════════════════════════════════════════════
"coin" -> false "n" ->  66 "x" ->   2 │ 784637716923335095479473677900958302012794430558004314112/173688133855974293135356477513031861779904976998460846059186376011869694459901 (≈ 0)
══════════════════════════════════════╪═══════════════════════════════════════════════════════════════════════════════════════════════════════════════════════════════════════════════════════════════════════════
"coin" -> false "n" ->  67 "x" ->   0 │ 392318858461667547739736838950479151006397215279002157056/173688133855974293135356477513031861779904976998460846059186376011869694459901 (≈ 0)
══════════════════════════════════════╪═══════════════════════════════════════════════════════════════════════════════════════════════════════════════════════════════════════════════════════════════════════════
"coin" -> false "n" ->  67 "x" ->   1 │ 392318858461667547739736838950479151006397215279002157056/173688133855974293135356477513031861779904976998460846059186376011869694459901 (≈ 0)
══════════════════════════════════════╪═══════════════════════════════════════════════════════════════════════════════════════════════════════════════════════════════════════════════════════════════════════════
"coin" -> false "n" ->  67 "x" ->   2 │ 392318858461667547739736838950479151006397215279002157056/173688133855974293135356477513031861779904976998460846059186376011869694459901 (≈ 0)
══════════════════════════════════════╪═══════════════════════════════════════════════════════════════════════════════════════════════════════════════════════════════════════════════════════════════════════════
"coin" -> false "n" ->  68 "x" ->   0 │ 196159429230833773869868419475239575503198607639501078528/173688133855974293135356477513031861779904976998460846059186376011869694459901 (≈ 0)
══════════════════════════════════════╪═══════════════════════════════════════════════════════════════════════════════════════════════════════════════════════════════════════════════════════════════════════════
"coin" -> false "n" ->  68 "x" ->   1 │ 196159429230833773869868419475239575503198607639501078528/173688133855974293135356477513031861779904976998460846059186376011869694459901 (≈ 0)
══════════════════════════════════════╪═══════════════════════════════════════════════════════════════════════════════════════════════════════════════════════════════════════════════════════════════════════════
"coin" -> false "n" ->  68 "x" ->   2 │ 196159429230833773869868419475239575503198607639501078528/173688133855974293135356477513031861779904976998460846059186376011869694459901 (≈ 0)
══════════════════════════════════════╪═══════════════════════════════════════════════════════════════════════════════════════════════════════════════════════════════════════════════════════════════════════════
"coin" -> false "n" ->  69 "x" ->   0 │ 98079714615416886934934209737619787751599303819750539264/173688133855974293135356477513031861779904976998460846059186376011869694459901 (≈ 0)
══════════════════════════════════════╪═══════════════════════════════════════════════════════════════════════════════════════════════════════════════════════════════════════════════════════════════════════════
"coin" -> false "n" ->  69 "x" ->   1 │ 98079714615416886934934209737619787751599303819750539264/173688133855974293135356477513031861779904976998460846059186376011869694459901 (≈ 0)
══════════════════════════════════════╪═══════════════════════════════════════════════════════════════════════════════════════════════════════════════════════════════════════════════════════════════════════════
"coin" -> false "n" ->  69 "x" ->   2 │ 98079714615416886934934209737619787751599303819750539264/173688133855974293135356477513031861779904976998460846059186376011869694459901 (≈ 0)
══════════════════════════════════════╪═══════════════════════════════════════════════════════════════════════════════════════════════════════════════════════════════════════════════════════════════════════════
"coin" -> false "n" ->  70 "x" ->   0 │ 49039857307708443467467104868809893875799651909875269632/173688133855974293135356477513031861779904976998460846059186376011869694459901 (≈ 0)
══════════════════════════════════════╪═══════════════════════════════════════════════════════════════════════════════════════════════════════════════════════════════════════════════════════════════════════════
"coin" -> false "n" ->  70 "x" ->   1 │ 49039857307708443467467104868809893875799651909875269632/173688133855974293135356477513031861779904976998460846059186376011869694459901 (≈ 0)
══════════════════════════════════════╪═══════════════════════════════════════════════════════════════════════════════════════════════════════════════════════════════════════════════════════════════════════════
"coin" -> false "n" ->  70 "x" ->   2 │ 49039857307708443467467104868809893875799651909875269632/173688133855974293135356477513031861779904976998460846059186376011869694459901 (≈ 0)
══════════════════════════════════════╪═══════════════════════════════════════════════════════════════════════════════════════════════════════════════════════════════════════════════════════════════════════════
"coin" -> false "n" ->  71 "x" ->   0 │ 24519928653854221733733552434404946937899825954937634816/173688133855974293135356477513031861779904976998460846059186376011869694459901 (≈ 0)
══════════════════════════════════════╪═══════════════════════════════════════════════════════════════════════════════════════════════════════════════════════════════════════════════════════════════════════════
"coin" -> false "n" ->  71 "x" ->   1 │ 24519928653854221733733552434404946937899825954937634816/173688133855974293135356477513031861779904976998460846059186376011869694459901 (≈ 0)
══════════════════════════════════════╪═══════════════════════════════════════════════════════════════════════════════════════════════════════════════════════════════════════════════════════════════════════════
"coin" -> false "n" ->  71 "x" ->   2 │ 24519928653854221733733552434404946937899825954937634816/173688133855974293135356477513031861779904976998460846059186376011869694459901 (≈ 0)
══════════════════════════════════════╪═══════════════════════════════════════════════════════════════════════════════════════════════════════════════════════════════════════════════════════════════════════════
"coin" -> false "n" ->  72 "x" ->   0 │ 12259964326927110866866776217202473468949912977468817408/173688133855974293135356477513031861779904976998460846059186376011869694459901 (≈ 0)
══════════════════════════════════════╪═══════════════════════════════════════════════════════════════════════════════════════════════════════════════════════════════════════════════════════════════════════════
"coin" -> false "n" ->  72 "x" ->   1 │ 12259964326927110866866776217202473468949912977468817408/173688133855974293135356477513031861779904976998460846059186376011869694459901 (≈ 0)
══════════════════════════════════════╪═══════════════════════════════════════════════════════════════════════════════════════════════════════════════════════════════════════════════════════════════════════════
"coin" -> false "n" ->  72 "x" ->   2 │ 12259964326927110866866776217202473468949912977468817408/173688133855974293135356477513031861779904976998460846059186376011869694459901 (≈ 0)
══════════════════════════════════════╪═══════════════════════════════════════════════════════════════════════════════════════════════════════════════════════════════════════════════════════════════════════════
"coin" -> false "n" ->  73 "x" ->   0 │ 6129982163463555433433388108601236734474956488734408704/173688133855974293135356477513031861779904976998460846059186376011869694459901 (≈ 0)
══════════════════════════════════════╪═══════════════════════════════════════════════════════════════════════════════════════════════════════════════════════════════════════════════════════════════════════════
"coin" -> false "n" ->  73 "x" ->   1 │ 6129982163463555433433388108601236734474956488734408704/173688133855974293135356477513031861779904976998460846059186376011869694459901 (≈ 0)
══════════════════════════════════════╪═══════════════════════════════════════════════════════════════════════════════════════════════════════════════════════════════════════════════════════════════════════════
"coin" -> false "n" ->  73 "x" ->   2 │ 6129982163463555433433388108601236734474956488734408704/173688133855974293135356477513031861779904976998460846059186376011869694459901 (≈ 0)
══════════════════════════════════════╪═══════════════════════════════════════════════════════════════════════════════════════════════════════════════════════════════════════════════════════════════════════════
"coin" -> false "n" ->  74 "x" ->   0 │ 3064991081731777716716694054300618367237478244367204352/173688133855974293135356477513031861779904976998460846059186376011869694459901 (≈ 0)
══════════════════════════════════════╪═══════════════════════════════════════════════════════════════════════════════════════════════════════════════════════════════════════════════════════════════════════════
"coin" -> false "n" ->  74 "x" ->   1 │ 3064991081731777716716694054300618367237478244367204352/173688133855974293135356477513031861779904976998460846059186376011869694459901 (≈ 0)
══════════════════════════════════════╪═══════════════════════════════════════════════════════════════════════════════════════════════════════════════════════════════════════════════════════════════════════════
"coin" -> false "n" ->  74 "x" ->   2 │ 3064991081731777716716694054300618367237478244367204352/173688133855974293135356477513031861779904976998460846059186376011869694459901 (≈ 0)
══════════════════════════════════════╪═══════════════════════════════════════════════════════════════════════════════════════════════════════════════════════════════════════════════════════════════════════════
"coin" -> false "n" ->  75 "x" ->   0 │ 1532495540865888858358347027150309183618739122183602176/173688133855974293135356477513031861779904976998460846059186376011869694459901 (≈ 0)
══════════════════════════════════════╪═══════════════════════════════════════════════════════════════════════════════════════════════════════════════════════════════════════════════════════════════════════════
"coin" -> false "n" ->  75 "x" ->   1 │ 1532495540865888858358347027150309183618739122183602176/173688133855974293135356477513031861779904976998460846059186376011869694459901 (≈ 0)
══════════════════════════════════════╪═══════════════════════════════════════════════════════════════════════════════════════════════════════════════════════════════════════════════════════════════════════════
"coin" -> false "n" ->  75 "x" ->   2 │ 1532495540865888858358347027150309183618739122183602176/173688133855974293135356477513031861779904976998460846059186376011869694459901 (≈ 0)
══════════════════════════════════════╪═══════════════════════════════════════════════════════════════════════════════════════════════════════════════════════════════════════════════════════════════════════════
"coin" -> false "n" ->  76 "x" ->   0 │ 766247770432944429179173513575154591809369561091801088/173688133855974293135356477513031861779904976998460846059186376011869694459901 (≈ 0)
══════════════════════════════════════╪═══════════════════════════════════════════════════════════════════════════════════════════════════════════════════════════════════════════════════════════════════════════
"coin" -> false "n" ->  76 "x" ->   1 │ 766247770432944429179173513575154591809369561091801088/173688133855974293135356477513031861779904976998460846059186376011869694459901 (≈ 0)
══════════════════════════════════════╪═══════════════════════════════════════════════════════════════════════════════════════════════════════════════════════════════════════════════════════════════════════════
"coin" -> false "n" ->  76 "x" ->   2 │ 766247770432944429179173513575154591809369561091801088/173688133855974293135356477513031861779904976998460846059186376011869694459901 (≈ 0)
══════════════════════════════════════╪═══════════════════════════════════════════════════════════════════════════════════════════════════════════════════════════════════════════════════════════════════════════
"coin" -> false "n" ->  77 "x" ->   0 │ 383123885216472214589586756787577295904684780545900544/173688133855974293135356477513031861779904976998460846059186376011869694459901 (≈ 0)
══════════════════════════════════════╪═══════════════════════════════════════════════════════════════════════════════════════════════════════════════════════════════════════════════════════════════════════════
"coin" -> false "n" ->  77 "x" ->   1 │ 383123885216472214589586756787577295904684780545900544/173688133855974293135356477513031861779904976998460846059186376011869694459901 (≈ 0)
══════════════════════════════════════╪═══════════════════════════════════════════════════════════════════════════════════════════════════════════════════════════════════════════════════════════════════════════
"coin" -> false "n" ->  77 "x" ->   2 │ 383123885216472214589586756787577295904684780545900544/173688133855974293135356477513031861779904976998460846059186376011869694459901 (≈ 0)
══════════════════════════════════════╪═══════════════════════════════════════════════════════════════════════════════════════════════════════════════════════════════════════════════════════════════════════════
"coin" -> false "n" ->  78 "x" ->   0 │ 191561942608236107294793378393788647952342390272950272/173688133855974293135356477513031861779904976998460846059186376011869694459901 (≈ 0)
══════════════════════════════════════╪═══════════════════════════════════════════════════════════════════════════════════════════════════════════════════════════════════════════════════════════════════════════
"coin" -> false "n" ->  78 "x" ->   1 │ 191561942608236107294793378393788647952342390272950272/173688133855974293135356477513031861779904976998460846059186376011869694459901 (≈ 0)
══════════════════════════════════════╪═══════════════════════════════════════════════════════════════════════════════════════════════════════════════════════════════════════════════════════════════════════════
"coin" -> false "n" ->  78 "x" ->   2 │ 191561942608236107294793378393788647952342390272950272/173688133855974293135356477513031861779904976998460846059186376011869694459901 (≈ 0)
══════════════════════════════════════╪═══════════════════════════════════════════════════════════════════════════════════════════════════════════════════════════════════════════════════════════════════════════
"coin" -> false "n" ->  79 "x" ->   0 │ 95780971304118053647396689196894323976171195136475136/173688133855974293135356477513031861779904976998460846059186376011869694459901 (≈ 0)
══════════════════════════════════════╪═══════════════════════════════════════════════════════════════════════════════════════════════════════════════════════════════════════════════════════════════════════════
"coin" -> false "n" ->  79 "x" ->   1 │ 95780971304118053647396689196894323976171195136475136/173688133855974293135356477513031861779904976998460846059186376011869694459901 (≈ 0)
══════════════════════════════════════╪═══════════════════════════════════════════════════════════════════════════════════════════════════════════════════════════════════════════════════════════════════════════
"coin" -> false "n" ->  79 "x" ->   2 │ 95780971304118053647396689196894323976171195136475136/173688133855974293135356477513031861779904976998460846059186376011869694459901 (≈ 0)
══════════════════════════════════════╪═══════════════════════════════════════════════════════════════════════════════════════════════════════════════════════════════════════════════════════════════════════════
"coin" -> false "n" ->  80 "x" ->   0 │ 47890485652059026823698344598447161988085597568237568/173688133855974293135356477513031861779904976998460846059186376011869694459901 (≈ 0)
══════════════════════════════════════╪═══════════════════════════════════════════════════════════════════════════════════════════════════════════════════════════════════════════════════════════════════════════
"coin" -> false "n" ->  80 "x" ->   1 │ 47890485652059026823698344598447161988085597568237568/173688133855974293135356477513031861779904976998460846059186376011869694459901 (≈ 0)
══════════════════════════════════════╪═══════════════════════════════════════════════════════════════════════════════════════════════════════════════════════════════════════════════════════════════════════════
"coin" -> false "n" ->  80 "x" ->   2 │ 47890485652059026823698344598447161988085597568237568/173688133855974293135356477513031861779904976998460846059186376011869694459901 (≈ 0)
══════════════════════════════════════╪═══════════════════════════════════════════════════════════════════════════════════════════════════════════════════════════════════════════════════════════════════════════
"coin" -> false "n" ->  81 "x" ->   0 │ 23945242826029513411849172299223580994042798784118784/173688133855974293135356477513031861779904976998460846059186376011869694459901 (≈ 0)
══════════════════════════════════════╪═══════════════════════════════════════════════════════════════════════════════════════════════════════════════════════════════════════════════════════════════════════════
"coin" -> false "n" ->  81 "x" ->   1 │ 23945242826029513411849172299223580994042798784118784/173688133855974293135356477513031861779904976998460846059186376011869694459901 (≈ 0)
══════════════════════════════════════╪═══════════════════════════════════════════════════════════════════════════════════════════════════════════════════════════════════════════════════════════════════════════
"coin" -> false "n" ->  81 "x" ->   2 │ 23945242826029513411849172299223580994042798784118784/173688133855974293135356477513031861779904976998460846059186376011869694459901 (≈ 0)
══════════════════════════════════════╪═══════════════════════════════════════════════════════════════════════════════════════════════════════════════════════════════════════════════════════════════════════════
"coin" -> false "n" ->  82 "x" ->   0 │ 11972621413014756705924586149611790497021399392059392/173688133855974293135356477513031861779904976998460846059186376011869694459901 (≈ 0)
══════════════════════════════════════╪═══════════════════════════════════════════════════════════════════════════════════════════════════════════════════════════════════════════════════════════════════════════
"coin" -> false "n" ->  82 "x" ->   1 │ 11972621413014756705924586149611790497021399392059392/173688133855974293135356477513031861779904976998460846059186376011869694459901 (≈ 0)
══════════════════════════════════════╪═══════════════════════════════════════════════════════════════════════════════════════════════════════════════════════════════════════════════════════════════════════════
"coin" -> false "n" ->  82 "x" ->   2 │ 11972621413014756705924586149611790497021399392059392/173688133855974293135356477513031861779904976998460846059186376011869694459901 (≈ 0)
══════════════════════════════════════╪═══════════════════════════════════════════════════════════════════════════════════════════════════════════════════════════════════════════════════════════════════════════
"coin" -> false "n" ->  83 "x" ->   0 │ 5986310706507378352962293074805895248510699696029696/173688133855974293135356477513031861779904976998460846059186376011869694459901 (≈ 0)
══════════════════════════════════════╪═══════════════════════════════════════════════════════════════════════════════════════════════════════════════════════════════════════════════════════════════════════════
"coin" -> false "n" ->  83 "x" ->   1 │ 5986310706507378352962293074805895248510699696029696/173688133855974293135356477513031861779904976998460846059186376011869694459901 (≈ 0)
══════════════════════════════════════╪═══════════════════════════════════════════════════════════════════════════════════════════════════════════════════════════════════════════════════════════════════════════
"coin" -> false "n" ->  83 "x" ->   2 │ 5986310706507378352962293074805895248510699696029696/173688133855974293135356477513031861779904976998460846059186376011869694459901 (≈ 0)
══════════════════════════════════════╪═══════════════════════════════════════════════════════════════════════════════════════════════════════════════════════════════════════════════════════════════════════════
"coin" -> false "n" ->  84 "x" ->   0 │ 2993155353253689176481146537402947624255349848014848/173688133855974293135356477513031861779904976998460846059186376011869694459901 (≈ 0)
══════════════════════════════════════╪═══════════════════════════════════════════════════════════════════════════════════════════════════════════════════════════════════════════════════════════════════════════
"coin" -> false "n" ->  84 "x" ->   1 │ 2993155353253689176481146537402947624255349848014848/173688133855974293135356477513031861779904976998460846059186376011869694459901 (≈ 0)
══════════════════════════════════════╪═══════════════════════════════════════════════════════════════════════════════════════════════════════════════════════════════════════════════════════════════════════════
"coin" -> false "n" ->  84 "x" ->   2 │ 2993155353253689176481146537402947624255349848014848/173688133855974293135356477513031861779904976998460846059186376011869694459901 (≈ 0)
══════════════════════════════════════╪═══════════════════════════════════════════════════════════════════════════════════════════════════════════════════════════════════════════════════════════════════════════
"coin" -> false "n" ->  85 "x" ->   0 │ 1496577676626844588240573268701473812127674924007424/173688133855974293135356477513031861779904976998460846059186376011869694459901 (≈ 0)
══════════════════════════════════════╪═══════════════════════════════════════════════════════════════════════════════════════════════════════════════════════════════════════════════════════════════════════════
"coin" -> false "n" ->  85 "x" ->   1 │ 1496577676626844588240573268701473812127674924007424/173688133855974293135356477513031861779904976998460846059186376011869694459901 (≈ 0)
══════════════════════════════════════╪═══════════════════════════════════════════════════════════════════════════════════════════════════════════════════════════════════════════════════════════════════════════
"coin" -> false "n" ->  85 "x" ->   2 │ 1496577676626844588240573268701473812127674924007424/173688133855974293135356477513031861779904976998460846059186376011869694459901 (≈ 0)
══════════════════════════════════════╪═══════════════════════════════════════════════════════════════════════════════════════════════════════════════════════════════════════════════════════════════════════════
"coin" -> false "n" ->  86 "x" ->   0 │ 748288838313422294120286634350736906063837462003712/173688133855974293135356477513031861779904976998460846059186376011869694459901 (≈ 0)
══════════════════════════════════════╪═══════════════════════════════════════════════════════════════════════════════════════════════════════════════════════════════════════════════════════════════════════════
"coin" -> false "n" ->  86 "x" ->   1 │ 748288838313422294120286634350736906063837462003712/173688133855974293135356477513031861779904976998460846059186376011869694459901 (≈ 0)
══════════════════════════════════════╪═══════════════════════════════════════════════════════════════════════════════════════════════════════════════════════════════════════════════════════════════════════════
"coin" -> false "n" ->  86 "x" ->   2 │ 748288838313422294120286634350736906063837462003712/173688133855974293135356477513031861779904976998460846059186376011869694459901 (≈ 0)
══════════════════════════════════════╪═══════════════════════════════════════════════════════════════════════════════════════════════════════════════════════════════════════════════════════════════════════════
"coin" -> false "n" ->  87 "x" ->   0 │ 374144419156711147060143317175368453031918731001856/173688133855974293135356477513031861779904976998460846059186376011869694459901 (≈ 0)
══════════════════════════════════════╪═══════════════════════════════════════════════════════════════════════════════════════════════════════════════════════════════════════════════════════════════════════════
"coin" -> false "n" ->  87 "x" ->   1 │ 374144419156711147060143317175368453031918731001856/173688133855974293135356477513031861779904976998460846059186376011869694459901 (≈ 0)
══════════════════════════════════════╪═══════════════════════════════════════════════════════════════════════════════════════════════════════════════════════════════════════════════════════════════════════════
"coin" -> false "n" ->  87 "x" ->   2 │ 374144419156711147060143317175368453031918731001856/173688133855974293135356477513031861779904976998460846059186376011869694459901 (≈ 0)
══════════════════════════════════════╪═══════════════════════════════════════════════════════════════════════════════════════════════════════════════════════════════════════════════════════════════════════════
"coin" -> false "n" ->  88 "x" ->   0 │ 187072209578355573530071658587684226515959365500928/173688133855974293135356477513031861779904976998460846059186376011869694459901 (≈ 0)
══════════════════════════════════════╪═══════════════════════════════════════════════════════════════════════════════════════════════════════════════════════════════════════════════════════════════════════════
"coin" -> false "n" ->  88 "x" ->   1 │ 187072209578355573530071658587684226515959365500928/173688133855974293135356477513031861779904976998460846059186376011869694459901 (≈ 0)
══════════════════════════════════════╪═══════════════════════════════════════════════════════════════════════════════════════════════════════════════════════════════════════════════════════════════════════════
"coin" -> false "n" ->  88 "x" ->   2 │ 187072209578355573530071658587684226515959365500928/173688133855974293135356477513031861779904976998460846059186376011869694459901 (≈ 0)
══════════════════════════════════════╪═══════════════════════════════════════════════════════════════════════════════════════════════════════════════════════════════════════════════════════════════════════════
"coin" -> false "n" ->  89 "x" ->   0 │ 93536104789177786765035829293842113257979682750464/173688133855974293135356477513031861779904976998460846059186376011869694459901 (≈ 0)
══════════════════════════════════════╪═══════════════════════════════════════════════════════════════════════════════════════════════════════════════════════════════════════════════════════════════════════════
"coin" -> false "n" ->  89 "x" ->   1 │ 93536104789177786765035829293842113257979682750464/173688133855974293135356477513031861779904976998460846059186376011869694459901 (≈ 0)
══════════════════════════════════════╪═══════════════════════════════════════════════════════════════════════════════════════════════════════════════════════════════════════════════════════════════════════════
"coin" -> false "n" ->  89 "x" ->   2 │ 93536104789177786765035829293842113257979682750464/173688133855974293135356477513031861779904976998460846059186376011869694459901 (≈ 0)
══════════════════════════════════════╪═══════════════════════════════════════════════════════════════════════════════════════════════════════════════════════════════════════════════════════════════════════════
"coin" -> false "n" ->  90 "x" ->   0 │ 46768052394588893382517914646921056628989841375232/173688133855974293135356477513031861779904976998460846059186376011869694459901 (≈ 0)
══════════════════════════════════════╪═══════════════════════════════════════════════════════════════════════════════════════════════════════════════════════════════════════════════════════════════════════════
"coin" -> false "n" ->  90 "x" ->   1 │ 46768052394588893382517914646921056628989841375232/173688133855974293135356477513031861779904976998460846059186376011869694459901 (≈ 0)
══════════════════════════════════════╪═══════════════════════════════════════════════════════════════════════════════════════════════════════════════════════════════════════════════════════════════════════════
"coin" -> false "n" ->  90 "x" ->   2 │ 46768052394588893382517914646921056628989841375232/173688133855974293135356477513031861779904976998460846059186376011869694459901 (≈ 0)
══════════════════════════════════════╪═══════════════════════════════════════════════════════════════════════════════════════════════════════════════════════════════════════════════════════════════════════════
"coin" -> false "n" ->  91 "x" ->   0 │ 23384026197294446691258957323460528314494920687616/173688133855974293135356477513031861779904976998460846059186376011869694459901 (≈ 0)
══════════════════════════════════════╪═══════════════════════════════════════════════════════════════════════════════════════════════════════════════════════════════════════════════════════════════════════════
"coin" -> false "n" ->  91 "x" ->   1 │ 23384026197294446691258957323460528314494920687616/173688133855974293135356477513031861779904976998460846059186376011869694459901 (≈ 0)
══════════════════════════════════════╪═══════════════════════════════════════════════════════════════════════════════════════════════════════════════════════════════════════════════════════════════════════════
"coin" -> false "n" ->  91 "x" ->   2 │ 23384026197294446691258957323460528314494920687616/173688133855974293135356477513031861779904976998460846059186376011869694459901 (≈ 0)
══════════════════════════════════════╪═══════════════════════════════════════════════════════════════════════════════════════════════════════════════════════════════════════════════════════════════════════════
"coin" -> false "n" ->  92 "x" ->   0 │ 11692013098647223345629478661730264157247460343808/173688133855974293135356477513031861779904976998460846059186376011869694459901 (≈ 0)
══════════════════════════════════════╪═══════════════════════════════════════════════════════════════════════════════════════════════════════════════════════════════════════════════════════════════════════════
"coin" -> false "n" ->  92 "x" ->   1 │ 11692013098647223345629478661730264157247460343808/173688133855974293135356477513031861779904976998460846059186376011869694459901 (≈ 0)
══════════════════════════════════════╪═══════════════════════════════════════════════════════════════════════════════════════════════════════════════════════════════════════════════════════════════════════════
"coin" -> false "n" ->  92 "x" ->   2 │ 11692013098647223345629478661730264157247460343808/173688133855974293135356477513031861779904976998460846059186376011869694459901 (≈ 0)
══════════════════════════════════════╪═══════════════════════════════════════════════════════════════════════════════════════════════════════════════════════════════════════════════════════════════════════════
"coin" -> false "n" ->  93 "x" ->   0 │ 5846006549323611672814739330865132078623730171904/173688133855974293135356477513031861779904976998460846059186376011869694459901 (≈ 0)
══════════════════════════════════════╪═══════════════════════════════════════════════════════════════════════════════════════════════════════════════════════════════════════════════════════════════════════════
"coin" -> false "n" ->  93 "x" ->   1 │ 5846006549323611672814739330865132078623730171904/173688133855974293135356477513031861779904976998460846059186376011869694459901 (≈ 0)
══════════════════════════════════════╪═══════════════════════════════════════════════════════════════════════════════════════════════════════════════════════════════════════════════════════════════════════════
"coin" -> false "n" ->  93 "x" ->   2 │ 5846006549323611672814739330865132078623730171904/173688133855974293135356477513031861779904976998460846059186376011869694459901 (≈ 0)
══════════════════════════════════════╪═══════════════════════════════════════════════════════════════════════════════════════════════════════════════════════════════════════════════════════════════════════════
"coin" -> false "n" ->  94 "x" ->   0 │ 2923003274661805836407369665432566039311865085952/173688133855974293135356477513031861779904976998460846059186376011869694459901 (≈ 0)
══════════════════════════════════════╪═══════════════════════════════════════════════════════════════════════════════════════════════════════════════════════════════════════════════════════════════════════════
"coin" -> false "n" ->  94 "x" ->   1 │ 2923003274661805836407369665432566039311865085952/173688133855974293135356477513031861779904976998460846059186376011869694459901 (≈ 0)
══════════════════════════════════════╪═══════════════════════════════════════════════════════════════════════════════════════════════════════════════════════════════════════════════════════════════════════════
"coin" -> false "n" ->  94 "x" ->   2 │ 2923003274661805836407369665432566039311865085952/173688133855974293135356477513031861779904976998460846059186376011869694459901 (≈ 0)
══════════════════════════════════════╪═══════════════════════════════════════════════════════════════════════════════════════════════════════════════════════════════════════════════════════════════════════════
"coin" -> false "n" ->  95 "x" ->   0 │ 1461501637330902918203684832716283019655932542976/173688133855974293135356477513031861779904976998460846059186376011869694459901 (≈ 0)
══════════════════════════════════════╪═══════════════════════════════════════════════════════════════════════════════════════════════════════════════════════════════════════════════════════════════════════════
"coin" -> false "n" ->  95 "x" ->   1 │ 1461501637330902918203684832716283019655932542976/173688133855974293135356477513031861779904976998460846059186376011869694459901 (≈ 0)
══════════════════════════════════════╪═══════════════════════════════════════════════════════════════════════════════════════════════════════════════════════════════════════════════════════════════════════════
"coin" -> false "n" ->  95 "x" ->   2 │ 1461501637330902918203684832716283019655932542976/173688133855974293135356477513031861779904976998460846059186376011869694459901 (≈ 0)
══════════════════════════════════════╪═══════════════════════════════════════════════════════════════════════════════════════════════════════════════════════════════════════════════════════════════════════════
"coin" -> false "n" ->  96 "x" ->   0 │ 730750818665451459101842416358141509827966271488/173688133855974293135356477513031861779904976998460846059186376011869694459901 (≈ 0)
══════════════════════════════════════╪═══════════════════════════════════════════════════════════════════════════════════════════════════════════════════════════════════════════════════════════════════════════
"coin" -> false "n" ->  96 "x" ->   1 │ 730750818665451459101842416358141509827966271488/173688133855974293135356477513031861779904976998460846059186376011869694459901 (≈ 0)
══════════════════════════════════════╪═══════════════════════════════════════════════════════════════════════════════════════════════════════════════════════════════════════════════════════════════════════════
"coin" -> false "n" ->  96 "x" ->   2 │ 730750818665451459101842416358141509827966271488/173688133855974293135356477513031861779904976998460846059186376011869694459901 (≈ 0)
══════════════════════════════════════╪═══════════════════════════════════════════════════════════════════════════════════════════════════════════════════════════════════════════════════════════════════════════
"coin" -> false "n" ->  97 "x" ->   0 │ 365375409332725729550921208179070754913983135744/173688133855974293135356477513031861779904976998460846059186376011869694459901 (≈ 0)
══════════════════════════════════════╪═══════════════════════════════════════════════════════════════════════════════════════════════════════════════════════════════════════════════════════════════════════════
"coin" -> false "n" ->  97 "x" ->   1 │ 365375409332725729550921208179070754913983135744/173688133855974293135356477513031861779904976998460846059186376011869694459901 (≈ 0)
══════════════════════════════════════╪═══════════════════════════════════════════════════════════════════════════════════════════════════════════════════════════════════════════════════════════════════════════
"coin" -> false "n" ->  97 "x" ->   2 │ 365375409332725729550921208179070754913983135744/173688133855974293135356477513031861779904976998460846059186376011869694459901 (≈ 0)
══════════════════════════════════════╪═══════════════════════════════════════════════════════════════════════════════════════════════════════════════════════════════════════════════════════════════════════════
"coin" -> false "n" ->  98 "x" ->   0 │ 182687704666362864775460604089535377456991567872/173688133855974293135356477513031861779904976998460846059186376011869694459901 (≈ 0)
══════════════════════════════════════╪═══════════════════════════════════════════════════════════════════════════════════════════════════════════════════════════════════════════════════════════════════════════
"coin" -> false "n" ->  98 "x" ->   1 │ 182687704666362864775460604089535377456991567872/173688133855974293135356477513031861779904976998460846059186376011869694459901 (≈ 0)
══════════════════════════════════════╪═══════════════════════════════════════════════════════════════════════════════════════════════════════════════════════════════════════════════════════════════════════════
"coin" -> false "n" ->  98 "x" ->   2 │ 182687704666362864775460604089535377456991567872/173688133855974293135356477513031861779904976998460846059186376011869694459901 (≈ 0)
══════════════════════════════════════╪═══════════════════════════════════════════════════════════════════════════════════════════════════════════════════════════════════════════════════════════════════════════
"coin" -> false "n" ->  99 "x" ->   0 │ 91343852333181432387730302044767688728495783936/173688133855974293135356477513031861779904976998460846059186376011869694459901 (≈ 0)
══════════════════════════════════════╪═══════════════════════════════════════════════════════════════════════════════════════════════════════════════════════════════════════════════════════════════════════════
"coin" -> false "n" ->  99 "x" ->   1 │ 91343852333181432387730302044767688728495783936/173688133855974293135356477513031861779904976998460846059186376011869694459901 (≈ 0)
══════════════════════════════════════╪═══════════════════════════════════════════════════════════════════════════════════════════════════════════════════════════════════════════════════════════════════════════
"coin" -> false "n" ->  99 "x" ->   2 │ 91343852333181432387730302044767688728495783936/173688133855974293135356477513031861779904976998460846059186376011869694459901 (≈ 0)
══════════════════════════════════════╪═══════════════════════════════════════════════════════════════════════════════════════════════════════════════════════════════════════════════════════════════════════════
"coin" -> false "n" -> 100 "x" ->   0 │ 45671926166590716193865151022383844364247891968/173688133855974293135356477513031861779904976998460846059186376011869694459901 (≈ 0)
══════════════════════════════════════╪═══════════════════════════════════════════════════════════════════════════════════════════════════════════════════════════════════════════════════════════════════════════
"coin" -> false "n" -> 100 "x" ->   1 │ 45671926166590716193865151022383844364247891968/173688133855974293135356477513031861779904976998460846059186376011869694459901 (≈ 0)
══════════════════════════════════════╪═══════════════════════════════════════════════════════════════════════════════════════════════════════════════════════════════════════════════════════════════════════════
"coin" -> false "n" -> 100 "x" ->   2 │ 45671926166590716193865151022383844364247891968/173688133855974293135356477513031861779904976998460846059186376011869694459901 (≈ 0)
══════════════════════════════════════╪═══════════════════════════════════════════════════════════════════════════════════════════════════════════════════════════════════════════════════════════════════════════
"coin" -> false "n" -> 101 "x" ->   0 │ 22835963083295358096932575511191922182123945984/173688133855974293135356477513031861779904976998460846059186376011869694459901 (≈ 0)
══════════════════════════════════════╪═══════════════════════════════════════════════════════════════════════════════════════════════════════════════════════════════════════════════════════════════════════════
"coin" -> false "n" -> 101 "x" ->   1 │ 22835963083295358096932575511191922182123945984/173688133855974293135356477513031861779904976998460846059186376011869694459901 (≈ 0)
══════════════════════════════════════╪═══════════════════════════════════════════════════════════════════════════════════════════════════════════════════════════════════════════════════════════════════════════
"coin" -> false "n" -> 101 "x" ->   2 │ 22835963083295358096932575511191922182123945984/173688133855974293135356477513031861779904976998460846059186376011869694459901 (≈ 0)
══════════════════════════════════════╪═══════════════════════════════════════════════════════════════════════════════════════════════════════════════════════════════════════════════════════════════════════════
"coin" -> false "n" -> 102 "x" ->   0 │ 11417981541647679048466287755595961091061972992/173688133855974293135356477513031861779904976998460846059186376011869694459901 (≈ 0)
══════════════════════════════════════╪═══════════════════════════════════════════════════════════════════════════════════════════════════════════════════════════════════════════════════════════════════════════
"coin" -> false "n" -> 102 "x" ->   1 │ 11417981541647679048466287755595961091061972992/173688133855974293135356477513031861779904976998460846059186376011869694459901 (≈ 0)
══════════════════════════════════════╪═══════════════════════════════════════════════════════════════════════════════════════════════════════════════════════════════════════════════════════════════════════════
"coin" -> false "n" -> 102 "x" ->   2 │ 11417981541647679048466287755595961091061972992/173688133855974293135356477513031861779904976998460846059186376011869694459901 (≈ 0)
══════════════════════════════════════╪═══════════════════════════════════════════════════════════════════════════════════════════════════════════════════════════════════════════════════════════════════════════
"coin" -> false "n" -> 103 "x" ->   0 │ 5708990770823839524233143877797980545530986496/173688133855974293135356477513031861779904976998460846059186376011869694459901 (≈ 0)
══════════════════════════════════════╪═══════════════════════════════════════════════════════════════════════════════════════════════════════════════════════════════════════════════════════════════════════════
"coin" -> false "n" -> 103 "x" ->   1 │ 5708990770823839524233143877797980545530986496/173688133855974293135356477513031861779904976998460846059186376011869694459901 (≈ 0)
══════════════════════════════════════╪═══════════════════════════════════════════════════════════════════════════════════════════════════════════════════════════════════════════════════════════════════════════
"coin" -> false "n" -> 103 "x" ->   2 │ 5708990770823839524233143877797980545530986496/173688133855974293135356477513031861779904976998460846059186376011869694459901 (≈ 0)
══════════════════════════════════════╪═══════════════════════════════════════════════════════════════════════════════════════════════════════════════════════════════════════════════════════════════════════════
"coin" -> false "n" -> 104 "x" ->   0 │ 2854495385411919762116571938898990272765493248/173688133855974293135356477513031861779904976998460846059186376011869694459901 (≈ 0)
══════════════════════════════════════╪═══════════════════════════════════════════════════════════════════════════════════════════════════════════════════════════════════════════════════════════════════════════
"coin" -> false "n" -> 104 "x" ->   1 │ 2854495385411919762116571938898990272765493248/173688133855974293135356477513031861779904976998460846059186376011869694459901 (≈ 0)
══════════════════════════════════════╪═══════════════════════════════════════════════════════════════════════════════════════════════════════════════════════════════════════════════════════════════════════════
"coin" -> false "n" -> 104 "x" ->   2 │ 2854495385411919762116571938898990272765493248/173688133855974293135356477513031861779904976998460846059186376011869694459901 (≈ 0)
══════════════════════════════════════╪═══════════════════════════════════════════════════════════════════════════════════════════════════════════════════════════════════════════════════════════════════════════
"coin" -> false "n" -> 105 "x" ->   0 │ 1427247692705959881058285969449495136382746624/173688133855974293135356477513031861779904976998460846059186376011869694459901 (≈ 0)
══════════════════════════════════════╪═══════════════════════════════════════════════════════════════════════════════════════════════════════════════════════════════════════════════════════════════════════════
"coin" -> false "n" -> 105 "x" ->   1 │ 1427247692705959881058285969449495136382746624/173688133855974293135356477513031861779904976998460846059186376011869694459901 (≈ 0)
══════════════════════════════════════╪═══════════════════════════════════════════════════════════════════════════════════════════════════════════════════════════════════════════════════════════════════════════
"coin" -> false "n" -> 105 "x" ->   2 │ 1427247692705959881058285969449495136382746624/173688133855974293135356477513031861779904976998460846059186376011869694459901 (≈ 0)
══════════════════════════════════════╪═══════════════════════════════════════════════════════════════════════════════════════════════════════════════════════════════════════════════════════════════════════════
"coin" -> false "n" -> 106 "x" ->   0 │ 713623846352979940529142984724747568191373312/173688133855974293135356477513031861779904976998460846059186376011869694459901 (≈ 0)
══════════════════════════════════════╪═══════════════════════════════════════════════════════════════════════════════════════════════════════════════════════════════════════════════════════════════════════════
"coin" -> false "n" -> 106 "x" ->   1 │ 713623846352979940529142984724747568191373312/173688133855974293135356477513031861779904976998460846059186376011869694459901 (≈ 0)
══════════════════════════════════════╪═══════════════════════════════════════════════════════════════════════════════════════════════════════════════════════════════════════════════════════════════════════════
"coin" -> false "n" -> 106 "x" ->   2 │ 713623846352979940529142984724747568191373312/173688133855974293135356477513031861779904976998460846059186376011869694459901 (≈ 0)
══════════════════════════════════════╪═══════════════════════════════════════════════════════════════════════════════════════════════════════════════════════════════════════════════════════════════════════════
"coin" -> false "n" -> 107 "x" ->   0 │ 356811923176489970264571492362373784095686656/173688133855974293135356477513031861779904976998460846059186376011869694459901 (≈ 0)
══════════════════════════════════════╪═══════════════════════════════════════════════════════════════════════════════════════════════════════════════════════════════════════════════════════════════════════════
"coin" -> false "n" -> 107 "x" ->   1 │ 356811923176489970264571492362373784095686656/173688133855974293135356477513031861779904976998460846059186376011869694459901 (≈ 0)
══════════════════════════════════════╪═══════════════════════════════════════════════════════════════════════════════════════════════════════════════════════════════════════════════════════════════════════════
"coin" -> false "n" -> 107 "x" ->   2 │ 356811923176489970264571492362373784095686656/173688133855974293135356477513031861779904976998460846059186376011869694459901 (≈ 0)
══════════════════════════════════════╪═══════════════════════════════════════════════════════════════════════════════════════════════════════════════════════════════════════════════════════════════════════════
"coin" -> false "n" -> 108 "x" ->   0 │ 178405961588244985132285746181186892047843328/173688133855974293135356477513031861779904976998460846059186376011869694459901 (≈ 0)
══════════════════════════════════════╪═══════════════════════════════════════════════════════════════════════════════════════════════════════════════════════════════════════════════════════════════════════════
"coin" -> false "n" -> 108 "x" ->   1 │ 178405961588244985132285746181186892047843328/173688133855974293135356477513031861779904976998460846059186376011869694459901 (≈ 0)
══════════════════════════════════════╪═══════════════════════════════════════════════════════════════════════════════════════════════════════════════════════════════════════════════════════════════════════════
"coin" -> false "n" -> 108 "x" ->   2 │ 178405961588244985132285746181186892047843328/173688133855974293135356477513031861779904976998460846059186376011869694459901 (≈ 0)
══════════════════════════════════════╪═══════════════════════════════════════════════════════════════════════════════════════════════════════════════════════════════════════════════════════════════════════════
"coin" -> false "n" -> 109 "x" ->   0 │ 89202980794122492566142873090593446023921664/173688133855974293135356477513031861779904976998460846059186376011869694459901 (≈ 0)
══════════════════════════════════════╪═══════════════════════════════════════════════════════════════════════════════════════════════════════════════════════════════════════════════════════════════════════════
"coin" -> false "n" -> 109 "x" ->   1 │ 89202980794122492566142873090593446023921664/173688133855974293135356477513031861779904976998460846059186376011869694459901 (≈ 0)
══════════════════════════════════════╪═══════════════════════════════════════════════════════════════════════════════════════════════════════════════════════════════════════════════════════════════════════════
"coin" -> false "n" -> 109 "x" ->   2 │ 89202980794122492566142873090593446023921664/173688133855974293135356477513031861779904976998460846059186376011869694459901 (≈ 0)
══════════════════════════════════════╪═══════════════════════════════════════════════════════════════════════════════════════════════════════════════════════════════════════════════════════════════════════════
"coin" -> false "n" -> 110 "x" ->   0 │ 44601490397061246283071436545296723011960832/173688133855974293135356477513031861779904976998460846059186376011869694459901 (≈ 0)
══════════════════════════════════════╪═══════════════════════════════════════════════════════════════════════════════════════════════════════════════════════════════════════════════════════════════════════════
"coin" -> false "n" -> 110 "x" ->   1 │ 44601490397061246283071436545296723011960832/173688133855974293135356477513031861779904976998460846059186376011869694459901 (≈ 0)
══════════════════════════════════════╪═══════════════════════════════════════════════════════════════════════════════════════════════════════════════════════════════════════════════════════════════════════════
"coin" -> false "n" -> 110 "x" ->   2 │ 44601490397061246283071436545296723011960832/173688133855974293135356477513031861779904976998460846059186376011869694459901 (≈ 0)
══════════════════════════════════════╪═══════════════════════════════════════════════════════════════════════════════════════════════════════════════════════════════════════════════════════════════════════════
"coin" -> false "n" -> 111 "x" ->   0 │ 22300745198530623141535718272648361505980416/173688133855974293135356477513031861779904976998460846059186376011869694459901 (≈ 0)
══════════════════════════════════════╪═══════════════════════════════════════════════════════════════════════════════════════════════════════════════════════════════════════════════════════════════════════════
"coin" -> false "n" -> 111 "x" ->   1 │ 22300745198530623141535718272648361505980416/173688133855974293135356477513031861779904976998460846059186376011869694459901 (≈ 0)
══════════════════════════════════════╪═══════════════════════════════════════════════════════════════════════════════════════════════════════════════════════════════════════════════════════════════════════════
"coin" -> false "n" -> 111 "x" ->   2 │ 22300745198530623141535718272648361505980416/173688133855974293135356477513031861779904976998460846059186376011869694459901 (≈ 0)
══════════════════════════════════════╪═══════════════════════════════════════════════════════════════════════════════════════════════════════════════════════════════════════════════════════════════════════════
"coin" -> false "n" -> 112 "x" ->   0 │ 11150372599265311570767859136324180752990208/173688133855974293135356477513031861779904976998460846059186376011869694459901 (≈ 0)
══════════════════════════════════════╪═══════════════════════════════════════════════════════════════════════════════════════════════════════════════════════════════════════════════════════════════════════════
"coin" -> false "n" -> 112 "x" ->   1 │ 11150372599265311570767859136324180752990208/173688133855974293135356477513031861779904976998460846059186376011869694459901 (≈ 0)
══════════════════════════════════════╪═══════════════════════════════════════════════════════════════════════════════════════════════════════════════════════════════════════════════════════════════════════════
"coin" -> false "n" -> 112 "x" ->   2 │ 11150372599265311570767859136324180752990208/173688133855974293135356477513031861779904976998460846059186376011869694459901 (≈ 0)
══════════════════════════════════════╪═══════════════════════════════════════════════════════════════════════════════════════════════════════════════════════════════════════════════════════════════════════════
"coin" -> false "n" -> 113 "x" ->   0 │ 5575186299632655785383929568162090376495104/173688133855974293135356477513031861779904976998460846059186376011869694459901 (≈ 0)
══════════════════════════════════════╪═══════════════════════════════════════════════════════════════════════════════════════════════════════════════════════════════════════════════════════════════════════════
"coin" -> false "n" -> 113 "x" ->   1 │ 5575186299632655785383929568162090376495104/173688133855974293135356477513031861779904976998460846059186376011869694459901 (≈ 0)
══════════════════════════════════════╪═══════════════════════════════════════════════════════════════════════════════════════════════════════════════════════════════════════════════════════════════════════════
"coin" -> false "n" -> 113 "x" ->   2 │ 5575186299632655785383929568162090376495104/173688133855974293135356477513031861779904976998460846059186376011869694459901 (≈ 0)
══════════════════════════════════════╪═══════════════════════════════════════════════════════════════════════════════════════════════════════════════════════════════════════════════════════════════════════════
"coin" -> false "n" -> 114 "x" ->   0 │ 2787593149816327892691964784081045188247552/173688133855974293135356477513031861779904976998460846059186376011869694459901 (≈ 0)
══════════════════════════════════════╪═══════════════════════════════════════════════════════════════════════════════════════════════════════════════════════════════════════════════════════════════════════════
"coin" -> false "n" -> 114 "x" ->   1 │ 2787593149816327892691964784081045188247552/173688133855974293135356477513031861779904976998460846059186376011869694459901 (≈ 0)
══════════════════════════════════════╪═══════════════════════════════════════════════════════════════════════════════════════════════════════════════════════════════════════════════════════════════════════════
"coin" -> false "n" -> 114 "x" ->   2 │ 2787593149816327892691964784081045188247552/173688133855974293135356477513031861779904976998460846059186376011869694459901 (≈ 0)
══════════════════════════════════════╪═══════════════════════════════════════════════════════════════════════════════════════════════════════════════════════════════════════════════════════════════════════════
"coin" -> false "n" -> 115 "x" ->   0 │ 1393796574908163946345982392040522594123776/173688133855974293135356477513031861779904976998460846059186376011869694459901 (≈ 0)
══════════════════════════════════════╪═══════════════════════════════════════════════════════════════════════════════════════════════════════════════════════════════════════════════════════════════════════════
"coin" -> false "n" -> 115 "x" ->   1 │ 1393796574908163946345982392040522594123776/173688133855974293135356477513031861779904976998460846059186376011869694459901 (≈ 0)
══════════════════════════════════════╪═══════════════════════════════════════════════════════════════════════════════════════════════════════════════════════════════════════════════════════════════════════════
"coin" -> false "n" -> 115 "x" ->   2 │ 1393796574908163946345982392040522594123776/173688133855974293135356477513031861779904976998460846059186376011869694459901 (≈ 0)
══════════════════════════════════════╪═══════════════════════════════════════════════════════════════════════════════════════════════════════════════════════════════════════════════════════════════════════════
"coin" -> false "n" -> 116 "x" ->   0 │ 696898287454081973172991196020261297061888/173688133855974293135356477513031861779904976998460846059186376011869694459901 (≈ 0)
══════════════════════════════════════╪═══════════════════════════════════════════════════════════════════════════════════════════════════════════════════════════════════════════════════════════════════════════
"coin" -> false "n" -> 116 "x" ->   1 │ 696898287454081973172991196020261297061888/173688133855974293135356477513031861779904976998460846059186376011869694459901 (≈ 0)
══════════════════════════════════════╪═══════════════════════════════════════════════════════════════════════════════════════════════════════════════════════════════════════════════════════════════════════════
"coin" -> false "n" -> 116 "x" ->   2 │ 696898287454081973172991196020261297061888/173688133855974293135356477513031861779904976998460846059186376011869694459901 (≈ 0)
══════════════════════════════════════╪═══════════════════════════════════════════════════════════════════════════════════════════════════════════════════════════════════════════════════════════════════════════
"coin" -> false "n" -> 117 "x" ->   0 │ 348449143727040986586495598010130648530944/173688133855974293135356477513031861779904976998460846059186376011869694459901 (≈ 0)
══════════════════════════════════════╪═══════════════════════════════════════════════════════════════════════════════════════════════════════════════════════════════════════════════════════════════════════════
"coin" -> false "n" -> 117 "x" ->   1 │ 348449143727040986586495598010130648530944/173688133855974293135356477513031861779904976998460846059186376011869694459901 (≈ 0)
══════════════════════════════════════╪═══════════════════════════════════════════════════════════════════════════════════════════════════════════════════════════════════════════════════════════════════════════
"coin" -> false "n" -> 117 "x" ->   2 │ 348449143727040986586495598010130648530944/173688133855974293135356477513031861779904976998460846059186376011869694459901 (≈ 0)
══════════════════════════════════════╪═══════════════════════════════════════════════════════════════════════════════════════════════════════════════════════════════════════════════════════════════════════════
"coin" -> false "n" -> 118 "x" ->   0 │ 174224571863520493293247799005065324265472/173688133855974293135356477513031861779904976998460846059186376011869694459901 (≈ 0)
══════════════════════════════════════╪═══════════════════════════════════════════════════════════════════════════════════════════════════════════════════════════════════════════════════════════════════════════
"coin" -> false "n" -> 118 "x" ->   1 │ 174224571863520493293247799005065324265472/173688133855974293135356477513031861779904976998460846059186376011869694459901 (≈ 0)
══════════════════════════════════════╪═══════════════════════════════════════════════════════════════════════════════════════════════════════════════════════════════════════════════════════════════════════════
"coin" -> false "n" -> 118 "x" ->   2 │ 174224571863520493293247799005065324265472/173688133855974293135356477513031861779904976998460846059186376011869694459901 (≈ 0)
══════════════════════════════════════╪═══════════════════════════════════════════════════════════════════════════════════════════════════════════════════════════════════════════════════════════════════════════
"coin" -> false "n" -> 119 "x" ->   0 │ 87112285931760246646623899502532662132736/173688133855974293135356477513031861779904976998460846059186376011869694459901 (≈ 0)
══════════════════════════════════════╪═══════════════════════════════════════════════════════════════════════════════════════════════════════════════════════════════════════════════════════════════════════════
"coin" -> false "n" -> 119 "x" ->   1 │ 87112285931760246646623899502532662132736/173688133855974293135356477513031861779904976998460846059186376011869694459901 (≈ 0)
══════════════════════════════════════╪═══════════════════════════════════════════════════════════════════════════════════════════════════════════════════════════════════════════════════════════════════════════
"coin" -> false "n" -> 119 "x" ->   2 │ 87112285931760246646623899502532662132736/173688133855974293135356477513031861779904976998460846059186376011869694459901 (≈ 0)
══════════════════════════════════════╪═══════════════════════════════════════════════════════════════════════════════════════════════════════════════════════════════════════════════════════════════════════════
"coin" -> false "n" -> 120 "x" ->   0 │ 43556142965880123323311949751266331066368/173688133855974293135356477513031861779904976998460846059186376011869694459901 (≈ 0)
══════════════════════════════════════╪═══════════════════════════════════════════════════════════════════════════════════════════════════════════════════════════════════════════════════════════════════════════
"coin" -> false "n" -> 120 "x" ->   1 │ 43556142965880123323311949751266331066368/173688133855974293135356477513031861779904976998460846059186376011869694459901 (≈ 0)
══════════════════════════════════════╪═══════════════════════════════════════════════════════════════════════════════════════════════════════════════════════════════════════════════════════════════════════════
"coin" -> false "n" -> 120 "x" ->   2 │ 43556142965880123323311949751266331066368/173688133855974293135356477513031861779904976998460846059186376011869694459901 (≈ 0)
══════════════════════════════════════╪═══════════════════════════════════════════════════════════════════════════════════════════════════════════════════════════════════════════════════════════════════════════
"coin" -> false "n" -> 121 "x" ->   0 │ 21778071482940061661655974875633165533184/173688133855974293135356477513031861779904976998460846059186376011869694459901 (≈ 0)
══════════════════════════════════════╪═══════════════════════════════════════════════════════════════════════════════════════════════════════════════════════════════════════════════════════════════════════════
"coin" -> false "n" -> 121 "x" ->   1 │ 21778071482940061661655974875633165533184/173688133855974293135356477513031861779904976998460846059186376011869694459901 (≈ 0)
══════════════════════════════════════╪═══════════════════════════════════════════════════════════════════════════════════════════════════════════════════════════════════════════════════════════════════════════
"coin" -> false "n" -> 121 "x" ->   2 │ 21778071482940061661655974875633165533184/173688133855974293135356477513031861779904976998460846059186376011869694459901 (≈ 0)
══════════════════════════════════════╪═══════════════════════════════════════════════════════════════════════════════════════════════════════════════════════════════════════════════════════════════════════════
"coin" -> false "n" -> 122 "x" ->   0 │ 10889035741470030830827987437816582766592/173688133855974293135356477513031861779904976998460846059186376011869694459901 (≈ 0)
══════════════════════════════════════╪═══════════════════════════════════════════════════════════════════════════════════════════════════════════════════════════════════════════════════════════════════════════
"coin" -> false "n" -> 122 "x" ->   1 │ 10889035741470030830827987437816582766592/173688133855974293135356477513031861779904976998460846059186376011869694459901 (≈ 0)
══════════════════════════════════════╪═══════════════════════════════════════════════════════════════════════════════════════════════════════════════════════════════════════════════════════════════════════════
"coin" -> false "n" -> 122 "x" ->   2 │ 10889035741470030830827987437816582766592/173688133855974293135356477513031861779904976998460846059186376011869694459901 (≈ 0)
══════════════════════════════════════╪═══════════════════════════════════════════════════════════════════════════════════════════════════════════════════════════════════════════════════════════════════════════
"coin" -> false "n" -> 123 "x" ->   0 │ 5444517870735015415413993718908291383296/173688133855974293135356477513031861779904976998460846059186376011869694459901 (≈ 0)
══════════════════════════════════════╪═══════════════════════════════════════════════════════════════════════════════════════════════════════════════════════════════════════════════════════════════════════════
"coin" -> false "n" -> 123 "x" ->   1 │ 5444517870735015415413993718908291383296/173688133855974293135356477513031861779904976998460846059186376011869694459901 (≈ 0)
══════════════════════════════════════╪═══════════════════════════════════════════════════════════════════════════════════════════════════════════════════════════════════════════════════════════════════════════
"coin" -> false "n" -> 123 "x" ->   2 │ 5444517870735015415413993718908291383296/173688133855974293135356477513031861779904976998460846059186376011869694459901 (≈ 0)
══════════════════════════════════════╪═══════════════════════════════════════════════════════════════════════════════════════════════════════════════════════════════════════════════════════════════════════════
"coin" -> false "n" -> 124 "x" ->   0 │ 2722258935367507707706996859454145691648/173688133855974293135356477513031861779904976998460846059186376011869694459901 (≈ 0)
══════════════════════════════════════╪═══════════════════════════════════════════════════════════════════════════════════════════════════════════════════════════════════════════════════════════════════════════
"coin" -> false "n" -> 124 "x" ->   1 │ 2722258935367507707706996859454145691648/173688133855974293135356477513031861779904976998460846059186376011869694459901 (≈ 0)
══════════════════════════════════════╪═══════════════════════════════════════════════════════════════════════════════════════════════════════════════════════════════════════════════════════════════════════════
"coin" -> false "n" -> 124 "x" ->   2 │ 2722258935367507707706996859454145691648/173688133855974293135356477513031861779904976998460846059186376011869694459901 (≈ 0)
══════════════════════════════════════╪═══════════════════════════════════════════════════════════════════════════════════════════════════════════════════════════════════════════════════════════════════════════
"coin" -> false "n" -> 125 "x" ->   0 │ 1361129467683753853853498429727072845824/173688133855974293135356477513031861779904976998460846059186376011869694459901 (≈ 0)
══════════════════════════════════════╪═══════════════════════════════════════════════════════════════════════════════════════════════════════════════════════════════════════════════════════════════════════════
"coin" -> false "n" -> 125 "x" ->   1 │ 1361129467683753853853498429727072845824/173688133855974293135356477513031861779904976998460846059186376011869694459901 (≈ 0)
══════════════════════════════════════╪═══════════════════════════════════════════════════════════════════════════════════════════════════════════════════════════════════════════════════════════════════════════
"coin" -> false "n" -> 125 "x" ->   2 │ 1361129467683753853853498429727072845824/173688133855974293135356477513031861779904976998460846059186376011869694459901 (≈ 0)
══════════════════════════════════════╪═══════════════════════════════════════════════════════════════════════════════════════════════════════════════════════════════════════════════════════════════════════════
"coin" -> false "n" -> 126 "x" ->   0 │ 680564733841876926926749214863536422912/173688133855974293135356477513031861779904976998460846059186376011869694459901 (≈ 0)
══════════════════════════════════════╪═══════════════════════════════════════════════════════════════════════════════════════════════════════════════════════════════════════════════════════════════════════════
"coin" -> false "n" -> 126 "x" ->   1 │ 680564733841876926926749214863536422912/173688133855974293135356477513031861779904976998460846059186376011869694459901 (≈ 0)
══════════════════════════════════════╪═══════════════════════════════════════════════════════════════════════════════════════════════════════════════════════════════════════════════════════════════════════════
"coin" -> false "n" -> 126 "x" ->   2 │ 680564733841876926926749214863536422912/173688133855974293135356477513031861779904976998460846059186376011869694459901 (≈ 0)
══════════════════════════════════════╪═══════════════════════════════════════════════════════════════════════════════════════════════════════════════════════════════════════════════════════════════════════════
"coin" -> false "n" -> 127 "x" ->   0 │ 340282366920938463463374607431768211456/173688133855974293135356477513031861779904976998460846059186376011869694459901 (≈ 0)
══════════════════════════════════════╪═══════════════════════════════════════════════════════════════════════════════════════════════════════════════════════════════════════════════════════════════════════════
"coin" -> false "n" -> 127 "x" ->   1 │ 340282366920938463463374607431768211456/173688133855974293135356477513031861779904976998460846059186376011869694459901 (≈ 0)
══════════════════════════════════════╪═══════════════════════════════════════════════════════════════════════════════════════════════════════════════════════════════════════════════════════════════════════════
"coin" -> false "n" -> 127 "x" ->   2 │ 340282366920938463463374607431768211456/173688133855974293135356477513031861779904976998460846059186376011869694459901 (≈ 0)
══════════════════════════════════════╪═══════════════════════════════════════════════════════════════════════════════════════════════════════════════════════════════════════════════════════════════════════════
"coin" -> false "n" -> 128 "x" ->   0 │ 170141183460469231731687303715884105728/173688133855974293135356477513031861779904976998460846059186376011869694459901 (≈ 0)
══════════════════════════════════════╪═══════════════════════════════════════════════════════════════════════════════════════════════════════════════════════════════════════════════════════════════════════════
"coin" -> false "n" -> 128 "x" ->   1 │ 170141183460469231731687303715884105728/173688133855974293135356477513031861779904976998460846059186376011869694459901 (≈ 0)
══════════════════════════════════════╪═══════════════════════════════════════════════════════════════════════════════════════════════════════════════════════════════════════════════════════════════════════════
"coin" -> false "n" -> 128 "x" ->   2 │ 170141183460469231731687303715884105728/173688133855974293135356477513031861779904976998460846059186376011869694459901 (≈ 0)
══════════════════════════════════════╪═══════════════════════════════════════════════════════════════════════════════════════════════════════════════════════════════════════════════════════════════════════════
"coin" -> false "n" -> 129 "x" ->   0 │ 85070591730234615865843651857942052864/173688133855974293135356477513031861779904976998460846059186376011869694459901 (≈ 0)
══════════════════════════════════════╪═══════════════════════════════════════════════════════════════════════════════════════════════════════════════════════════════════════════════════════════════════════════
"coin" -> false "n" -> 129 "x" ->   1 │ 85070591730234615865843651857942052864/173688133855974293135356477513031861779904976998460846059186376011869694459901 (≈ 0)
══════════════════════════════════════╪═══════════════════════════════════════════════════════════════════════════════════════════════════════════════════════════════════════════════════════════════════════════
"coin" -> false "n" -> 129 "x" ->   2 │ 85070591730234615865843651857942052864/173688133855974293135356477513031861779904976998460846059186376011869694459901 (≈ 0)
══════════════════════════════════════╪═══════════════════════════════════════════════════════════════════════════════════════════════════════════════════════════════════════════════════════════════════════════
"coin" -> false "n" -> 130 "x" ->   0 │ 42535295865117307932921825928971026432/173688133855974293135356477513031861779904976998460846059186376011869694459901 (≈ 0)
══════════════════════════════════════╪═══════════════════════════════════════════════════════════════════════════════════════════════════════════════════════════════════════════════════════════════════════════
"coin" -> false "n" -> 130 "x" ->   1 │ 42535295865117307932921825928971026432/173688133855974293135356477513031861779904976998460846059186376011869694459901 (≈ 0)
══════════════════════════════════════╪═══════════════════════════════════════════════════════════════════════════════════════════════════════════════════════════════════════════════════════════════════════════
"coin" -> false "n" -> 130 "x" ->   2 │ 42535295865117307932921825928971026432/173688133855974293135356477513031861779904976998460846059186376011869694459901 (≈ 0)
══════════════════════════════════════╪═══════════════════════════════════════════════════════════════════════════════════════════════════════════════════════════════════════════════════════════════════════════
"coin" -> false "n" -> 131 "x" ->   0 │ 21267647932558653966460912964485513216/173688133855974293135356477513031861779904976998460846059186376011869694459901 (≈ 0)
══════════════════════════════════════╪═══════════════════════════════════════════════════════════════════════════════════════════════════════════════════════════════════════════════════════════════════════════
"coin" -> false "n" -> 131 "x" ->   1 │ 21267647932558653966460912964485513216/173688133855974293135356477513031861779904976998460846059186376011869694459901 (≈ 0)
══════════════════════════════════════╪═══════════════════════════════════════════════════════════════════════════════════════════════════════════════════════════════════════════════════════════════════════════
"coin" -> false "n" -> 131 "x" ->   2 │ 21267647932558653966460912964485513216/173688133855974293135356477513031861779904976998460846059186376011869694459901 (≈ 0)
══════════════════════════════════════╪═══════════════════════════════════════════════════════════════════════════════════════════════════════════════════════════════════════════════════════════════════════════
"coin" -> false "n" -> 132 "x" ->   0 │ 10633823966279326983230456482242756608/173688133855974293135356477513031861779904976998460846059186376011869694459901 (≈ 0)
══════════════════════════════════════╪═══════════════════════════════════════════════════════════════════════════════════════════════════════════════════════════════════════════════════════════════════════════
"coin" -> false "n" -> 132 "x" ->   1 │ 10633823966279326983230456482242756608/173688133855974293135356477513031861779904976998460846059186376011869694459901 (≈ 0)
══════════════════════════════════════╪═══════════════════════════════════════════════════════════════════════════════════════════════════════════════════════════════════════════════════════════════════════════
"coin" -> false "n" -> 132 "x" ->   2 │ 10633823966279326983230456482242756608/173688133855974293135356477513031861779904976998460846059186376011869694459901 (≈ 0)
══════════════════════════════════════╪═══════════════════════════════════════════════════════════════════════════════════════════════════════════════════════════════════════════════════════════════════════════
"coin" -> false "n" -> 133 "x" ->   0 │ 5316911983139663491615228241121378304/173688133855974293135356477513031861779904976998460846059186376011869694459901 (≈ 0)
══════════════════════════════════════╪═══════════════════════════════════════════════════════════════════════════════════════════════════════════════════════════════════════════════════════════════════════════
"coin" -> false "n" -> 133 "x" ->   1 │ 5316911983139663491615228241121378304/173688133855974293135356477513031861779904976998460846059186376011869694459901 (≈ 0)
══════════════════════════════════════╪═══════════════════════════════════════════════════════════════════════════════════════════════════════════════════════════════════════════════════════════════════════════
"coin" -> false "n" -> 133 "x" ->   2 │ 5316911983139663491615228241121378304/173688133855974293135356477513031861779904976998460846059186376011869694459901 (≈ 0)
══════════════════════════════════════╪═══════════════════════════════════════════════════════════════════════════════════════════════════════════════════════════════════════════════════════════════════════════
"coin" -> false "n" -> 134 "x" ->   0 │ 2658455991569831745807614120560689152/173688133855974293135356477513031861779904976998460846059186376011869694459901 (≈ 0)
══════════════════════════════════════╪═══════════════════════════════════════════════════════════════════════════════════════════════════════════════════════════════════════════════════════════════════════════
"coin" -> false "n" -> 134 "x" ->   1 │ 2658455991569831745807614120560689152/173688133855974293135356477513031861779904976998460846059186376011869694459901 (≈ 0)
══════════════════════════════════════╪═══════════════════════════════════════════════════════════════════════════════════════════════════════════════════════════════════════════════════════════════════════════
"coin" -> false "n" -> 134 "x" ->   2 │ 2658455991569831745807614120560689152/173688133855974293135356477513031861779904976998460846059186376011869694459901 (≈ 0)
══════════════════════════════════════╪═══════════════════════════════════════════════════════════════════════════════════════════════════════════════════════════════════════════════════════════════════════════
"coin" -> false "n" -> 135 "x" ->   0 │ 1329227995784915872903807060280344576/173688133855974293135356477513031861779904976998460846059186376011869694459901 (≈ 0)
══════════════════════════════════════╪═══════════════════════════════════════════════════════════════════════════════════════════════════════════════════════════════════════════════════════════════════════════
"coin" -> false "n" -> 135 "x" ->   1 │ 1329227995784915872903807060280344576/173688133855974293135356477513031861779904976998460846059186376011869694459901 (≈ 0)
══════════════════════════════════════╪═══════════════════════════════════════════════════════════════════════════════════════════════════════════════════════════════════════════════════════════════════════════
"coin" -> false "n" -> 135 "x" ->   2 │ 1329227995784915872903807060280344576/173688133855974293135356477513031861779904976998460846059186376011869694459901 (≈ 0)
══════════════════════════════════════╪═══════════════════════════════════════════════════════════════════════════════════════════════════════════════════════════════════════════════════════════════════════════
"coin" -> false "n" -> 136 "x" ->   0 │ 664613997892457936451903530140172288/173688133855974293135356477513031861779904976998460846059186376011869694459901 (≈ 0)
══════════════════════════════════════╪═══════════════════════════════════════════════════════════════════════════════════════════════════════════════════════════════════════════════════════════════════════════
"coin" -> false "n" -> 136 "x" ->   1 │ 664613997892457936451903530140172288/173688133855974293135356477513031861779904976998460846059186376011869694459901 (≈ 0)
══════════════════════════════════════╪═══════════════════════════════════════════════════════════════════════════════════════════════════════════════════════════════════════════════════════════════════════════
"coin" -> false "n" -> 136 "x" ->   2 │ 664613997892457936451903530140172288/173688133855974293135356477513031861779904976998460846059186376011869694459901 (≈ 0)
══════════════════════════════════════╪═══════════════════════════════════════════════════════════════════════════════════════════════════════════════════════════════════════════════════════════════════════════
"coin" -> false "n" -> 137 "x" ->   0 │ 332306998946228968225951765070086144/173688133855974293135356477513031861779904976998460846059186376011869694459901 (≈ 0)
══════════════════════════════════════╪═══════════════════════════════════════════════════════════════════════════════════════════════════════════════════════════════════════════════════════════════════════════
"coin" -> false "n" -> 137 "x" ->   1 │ 332306998946228968225951765070086144/173688133855974293135356477513031861779904976998460846059186376011869694459901 (≈ 0)
══════════════════════════════════════╪═══════════════════════════════════════════════════════════════════════════════════════════════════════════════════════════════════════════════════════════════════════════
"coin" -> false "n" -> 137 "x" ->   2 │ 332306998946228968225951765070086144/173688133855974293135356477513031861779904976998460846059186376011869694459901 (≈ 0)
══════════════════════════════════════╪═══════════════════════════════════════════════════════════════════════════════════════════════════════════════════════════════════════════════════════════════════════════
"coin" -> false "n" -> 138 "x" ->   0 │ 166153499473114484112975882535043072/173688133855974293135356477513031861779904976998460846059186376011869694459901 (≈ 0)
══════════════════════════════════════╪═══════════════════════════════════════════════════════════════════════════════════════════════════════════════════════════════════════════════════════════════════════════
"coin" -> false "n" -> 138 "x" ->   1 │ 166153499473114484112975882535043072/173688133855974293135356477513031861779904976998460846059186376011869694459901 (≈ 0)
══════════════════════════════════════╪═══════════════════════════════════════════════════════════════════════════════════════════════════════════════════════════════════════════════════════════════════════════
"coin" -> false "n" -> 138 "x" ->   2 │ 166153499473114484112975882535043072/173688133855974293135356477513031861779904976998460846059186376011869694459901 (≈ 0)
══════════════════════════════════════╪═══════════════════════════════════════════════════════════════════════════════════════════════════════════════════════════════════════════════════════════════════════════
"coin" -> false "n" -> 139 "x" ->   0 │ 83076749736557242056487941267521536/173688133855974293135356477513031861779904976998460846059186376011869694459901 (≈ 0)
══════════════════════════════════════╪═══════════════════════════════════════════════════════════════════════════════════════════════════════════════════════════════════════════════════════════════════════════
"coin" -> false "n" -> 139 "x" ->   1 │ 83076749736557242056487941267521536/173688133855974293135356477513031861779904976998460846059186376011869694459901 (≈ 0)
══════════════════════════════════════╪═══════════════════════════════════════════════════════════════════════════════════════════════════════════════════════════════════════════════════════════════════════════
"coin" -> false "n" -> 139 "x" ->   2 │ 83076749736557242056487941267521536/173688133855974293135356477513031861779904976998460846059186376011869694459901 (≈ 0)
══════════════════════════════════════╪═══════════════════════════════════════════════════════════════════════════════════════════════════════════════════════════════════════════════════════════════════════════
"coin" -> false "n" -> 140 "x" ->   0 │ 41538374868278621028243970633760768/173688133855974293135356477513031861779904976998460846059186376011869694459901 (≈ 0)
══════════════════════════════════════╪═══════════════════════════════════════════════════════════════════════════════════════════════════════════════════════════════════════════════════════════════════════════
"coin" -> false "n" -> 140 "x" ->   1 │ 41538374868278621028243970633760768/173688133855974293135356477513031861779904976998460846059186376011869694459901 (≈ 0)
══════════════════════════════════════╪═══════════════════════════════════════════════════════════════════════════════════════════════════════════════════════════════════════════════════════════════════════════
"coin" -> false "n" -> 140 "x" ->   2 │ 41538374868278621028243970633760768/173688133855974293135356477513031861779904976998460846059186376011869694459901 (≈ 0)
══════════════════════════════════════╪═══════════════════════════════════════════════════════════════════════════════════════════════════════════════════════════════════════════════════════════════════════════
"coin" -> false "n" -> 141 "x" ->   0 │ 20769187434139310514121985316880384/173688133855974293135356477513031861779904976998460846059186376011869694459901 (≈ 0)
══════════════════════════════════════╪═══════════════════════════════════════════════════════════════════════════════════════════════════════════════════════════════════════════════════════════════════════════
"coin" -> false "n" -> 141 "x" ->   1 │ 20769187434139310514121985316880384/173688133855974293135356477513031861779904976998460846059186376011869694459901 (≈ 0)
══════════════════════════════════════╪═══════════════════════════════════════════════════════════════════════════════════════════════════════════════════════════════════════════════════════════════════════════
"coin" -> false "n" -> 141 "x" ->   2 │ 20769187434139310514121985316880384/173688133855974293135356477513031861779904976998460846059186376011869694459901 (≈ 0)
══════════════════════════════════════╪═══════════════════════════════════════════════════════════════════════════════════════════════════════════════════════════════════════════════════════════════════════════
"coin" -> false "n" -> 142 "x" ->   0 │ 10384593717069655257060992658440192/173688133855974293135356477513031861779904976998460846059186376011869694459901 (≈ 0)
══════════════════════════════════════╪═══════════════════════════════════════════════════════════════════════════════════════════════════════════════════════════════════════════════════════════════════════════
"coin" -> false "n" -> 142 "x" ->   1 │ 10384593717069655257060992658440192/173688133855974293135356477513031861779904976998460846059186376011869694459901 (≈ 0)
══════════════════════════════════════╪═══════════════════════════════════════════════════════════════════════════════════════════════════════════════════════════════════════════════════════════════════════════
"coin" -> false "n" -> 142 "x" ->   2 │ 10384593717069655257060992658440192/173688133855974293135356477513031861779904976998460846059186376011869694459901 (≈ 0)
══════════════════════════════════════╪═══════════════════════════════════════════════════════════════════════════════════════════════════════════════════════════════════════════════════════════════════════════
"coin" -> false "n" -> 143 "x" ->   0 │ 5192296858534827628530496329220096/173688133855974293135356477513031861779904976998460846059186376011869694459901 (≈ 0)
══════════════════════════════════════╪═══════════════════════════════════════════════════════════════════════════════════════════════════════════════════════════════════════════════════════════════════════════
"coin" -> false "n" -> 143 "x" ->   1 │ 5192296858534827628530496329220096/173688133855974293135356477513031861779904976998460846059186376011869694459901 (≈ 0)
══════════════════════════════════════╪═══════════════════════════════════════════════════════════════════════════════════════════════════════════════════════════════════════════════════════════════════════════
"coin" -> false "n" -> 143 "x" ->   2 │ 5192296858534827628530496329220096/173688133855974293135356477513031861779904976998460846059186376011869694459901 (≈ 0)
══════════════════════════════════════╪═══════════════════════════════════════════════════════════════════════════════════════════════════════════════════════════════════════════════════════════════════════════
"coin" -> false "n" -> 144 "x" ->   0 │ 2596148429267413814265248164610048/173688133855974293135356477513031861779904976998460846059186376011869694459901 (≈ 0)
══════════════════════════════════════╪═══════════════════════════════════════════════════════════════════════════════════════════════════════════════════════════════════════════════════════════════════════════
"coin" -> false "n" -> 144 "x" ->   1 │ 2596148429267413814265248164610048/173688133855974293135356477513031861779904976998460846059186376011869694459901 (≈ 0)
══════════════════════════════════════╪═══════════════════════════════════════════════════════════════════════════════════════════════════════════════════════════════════════════════════════════════════════════
"coin" -> false "n" -> 144 "x" ->   2 │ 2596148429267413814265248164610048/173688133855974293135356477513031861779904976998460846059186376011869694459901 (≈ 0)
══════════════════════════════════════╪═══════════════════════════════════════════════════════════════════════════════════════════════════════════════════════════════════════════════════════════════════════════
"coin" -> false "n" -> 145 "x" ->   0 │ 1298074214633706907132624082305024/173688133855974293135356477513031861779904976998460846059186376011869694459901 (≈ 0)
══════════════════════════════════════╪═══════════════════════════════════════════════════════════════════════════════════════════════════════════════════════════════════════════════════════════════════════════
"coin" -> false "n" -> 145 "x" ->   1 │ 1298074214633706907132624082305024/173688133855974293135356477513031861779904976998460846059186376011869694459901 (≈ 0)
══════════════════════════════════════╪═══════════════════════════════════════════════════════════════════════════════════════════════════════════════════════════════════════════════════════════════════════════
"coin" -> false "n" -> 145 "x" ->   2 │ 1298074214633706907132624082305024/173688133855974293135356477513031861779904976998460846059186376011869694459901 (≈ 0)
══════════════════════════════════════╪═══════════════════════════════════════════════════════════════════════════════════════════════════════════════════════════════════════════════════════════════════════════
"coin" -> false "n" -> 146 "x" ->   0 │ 649037107316853453566312041152512/173688133855974293135356477513031861779904976998460846059186376011869694459901 (≈ 0)
══════════════════════════════════════╪═══════════════════════════════════════════════════════════════════════════════════════════════════════════════════════════════════════════════════════════════════════════
"coin" -> false "n" -> 146 "x" ->   1 │ 649037107316853453566312041152512/173688133855974293135356477513031861779904976998460846059186376011869694459901 (≈ 0)
══════════════════════════════════════╪═══════════════════════════════════════════════════════════════════════════════════════════════════════════════════════════════════════════════════════════════════════════
"coin" -> false "n" -> 146 "x" ->   2 │ 649037107316853453566312041152512/173688133855974293135356477513031861779904976998460846059186376011869694459901 (≈ 0)
══════════════════════════════════════╪═══════════════════════════════════════════════════════════════════════════════════════════════════════════════════════════════════════════════════════════════════════════
"coin" -> false "n" -> 147 "x" ->   0 │ 324518553658426726783156020576256/173688133855974293135356477513031861779904976998460846059186376011869694459901 (≈ 0)
══════════════════════════════════════╪═══════════════════════════════════════════════════════════════════════════════════════════════════════════════════════════════════════════════════════════════════════════
"coin" -> false "n" -> 147 "x" ->   1 │ 324518553658426726783156020576256/173688133855974293135356477513031861779904976998460846059186376011869694459901 (≈ 0)
══════════════════════════════════════╪═══════════════════════════════════════════════════════════════════════════════════════════════════════════════════════════════════════════════════════════════════════════
"coin" -> false "n" -> 147 "x" ->   2 │ 324518553658426726783156020576256/173688133855974293135356477513031861779904976998460846059186376011869694459901 (≈ 0)
══════════════════════════════════════╪═══════════════════════════════════════════════════════════════════════════════════════════════════════════════════════════════════════════════════════════════════════════
"coin" -> false "n" -> 148 "x" ->   0 │ 162259276829213363391578010288128/173688133855974293135356477513031861779904976998460846059186376011869694459901 (≈ 0)
══════════════════════════════════════╪═══════════════════════════════════════════════════════════════════════════════════════════════════════════════════════════════════════════════════════════════════════════
"coin" -> false "n" -> 148 "x" ->   1 │ 162259276829213363391578010288128/173688133855974293135356477513031861779904976998460846059186376011869694459901 (≈ 0)
══════════════════════════════════════╪═══════════════════════════════════════════════════════════════════════════════════════════════════════════════════════════════════════════════════════════════════════════
"coin" -> false "n" -> 148 "x" ->   2 │ 162259276829213363391578010288128/173688133855974293135356477513031861779904976998460846059186376011869694459901 (≈ 0)
══════════════════════════════════════╪═══════════════════════════════════════════════════════════════════════════════════════════════════════════════════════════════════════════════════════════════════════════
"coin" -> false "n" -> 149 "x" ->   0 │ 81129638414606681695789005144064/173688133855974293135356477513031861779904976998460846059186376011869694459901 (≈ 0)
══════════════════════════════════════╪═══════════════════════════════════════════════════════════════════════════════════════════════════════════════════════════════════════════════════════════════════════════
"coin" -> false "n" -> 149 "x" ->   1 │ 81129638414606681695789005144064/173688133855974293135356477513031861779904976998460846059186376011869694459901 (≈ 0)
══════════════════════════════════════╪═══════════════════════════════════════════════════════════════════════════════════════════════════════════════════════════════════════════════════════════════════════════
"coin" -> false "n" -> 149 "x" ->   2 │ 81129638414606681695789005144064/173688133855974293135356477513031861779904976998460846059186376011869694459901 (≈ 0)
══════════════════════════════════════╪═══════════════════════════════════════════════════════════════════════════════════════════════════════════════════════════════════════════════════════════════════════════
"coin" -> false "n" -> 150 "x" ->   0 │ 40564819207303340847894502572032/173688133855974293135356477513031861779904976998460846059186376011869694459901 (≈ 0)
══════════════════════════════════════╪═══════════════════════════════════════════════════════════════════════════════════════════════════════════════════════════════════════════════════════════════════════════
"coin" -> false "n" -> 150 "x" ->   1 │ 40564819207303340847894502572032/173688133855974293135356477513031861779904976998460846059186376011869694459901 (≈ 0)
══════════════════════════════════════╪═══════════════════════════════════════════════════════════════════════════════════════════════════════════════════════════════════════════════════════════════════════════
"coin" -> false "n" -> 150 "x" ->   2 │ 40564819207303340847894502572032/173688133855974293135356477513031861779904976998460846059186376011869694459901 (≈ 0)
══════════════════════════════════════╪═══════════════════════════════════════════════════════════════════════════════════════════════════════════════════════════════════════════════════════════════════════════
"coin" -> false "n" -> 151 "x" ->   0 │ 20282409603651670423947251286016/173688133855974293135356477513031861779904976998460846059186376011869694459901 (≈ 0)
══════════════════════════════════════╪═══════════════════════════════════════════════════════════════════════════════════════════════════════════════════════════════════════════════════════════════════════════
"coin" -> false "n" -> 151 "x" ->   1 │ 20282409603651670423947251286016/173688133855974293135356477513031861779904976998460846059186376011869694459901 (≈ 0)
══════════════════════════════════════╪═══════════════════════════════════════════════════════════════════════════════════════════════════════════════════════════════════════════════════════════════════════════
"coin" -> false "n" -> 151 "x" ->   2 │ 20282409603651670423947251286016/173688133855974293135356477513031861779904976998460846059186376011869694459901 (≈ 0)
══════════════════════════════════════╪═══════════════════════════════════════════════════════════════════════════════════════════════════════════════════════════════════════════════════════════════════════════
"coin" -> false "n" -> 152 "x" ->   0 │ 10141204801825835211973625643008/173688133855974293135356477513031861779904976998460846059186376011869694459901 (≈ 0)
══════════════════════════════════════╪═══════════════════════════════════════════════════════════════════════════════════════════════════════════════════════════════════════════════════════════════════════════
"coin" -> false "n" -> 152 "x" ->   1 │ 10141204801825835211973625643008/173688133855974293135356477513031861779904976998460846059186376011869694459901 (≈ 0)
══════════════════════════════════════╪═══════════════════════════════════════════════════════════════════════════════════════════════════════════════════════════════════════════════════════════════════════════
"coin" -> false "n" -> 152 "x" ->   2 │ 10141204801825835211973625643008/173688133855974293135356477513031861779904976998460846059186376011869694459901 (≈ 0)
══════════════════════════════════════╪═══════════════════════════════════════════════════════════════════════════════════════════════════════════════════════════════════════════════════════════════════════════
"coin" -> false "n" -> 153 "x" ->   0 │ 5070602400912917605986812821504/173688133855974293135356477513031861779904976998460846059186376011869694459901 (≈ 0)
══════════════════════════════════════╪═══════════════════════════════════════════════════════════════════════════════════════════════════════════════════════════════════════════════════════════════════════════
"coin" -> false "n" -> 153 "x" ->   1 │ 5070602400912917605986812821504/173688133855974293135356477513031861779904976998460846059186376011869694459901 (≈ 0)
══════════════════════════════════════╪═══════════════════════════════════════════════════════════════════════════════════════════════════════════════════════════════════════════════════════════════════════════
"coin" -> false "n" -> 153 "x" ->   2 │ 5070602400912917605986812821504/173688133855974293135356477513031861779904976998460846059186376011869694459901 (≈ 0)
══════════════════════════════════════╪═══════════════════════════════════════════════════════════════════════════════════════════════════════════════════════════════════════════════════════════════════════════
"coin" -> false "n" -> 154 "x" ->   0 │ 2535301200456458802993406410752/173688133855974293135356477513031861779904976998460846059186376011869694459901 (≈ 0)
══════════════════════════════════════╪═══════════════════════════════════════════════════════════════════════════════════════════════════════════════════════════════════════════════════════════════════════════
"coin" -> false "n" -> 154 "x" ->   1 │ 2535301200456458802993406410752/173688133855974293135356477513031861779904976998460846059186376011869694459901 (≈ 0)
══════════════════════════════════════╪═══════════════════════════════════════════════════════════════════════════════════════════════════════════════════════════════════════════════════════════════════════════
"coin" -> false "n" -> 154 "x" ->   2 │ 2535301200456458802993406410752/173688133855974293135356477513031861779904976998460846059186376011869694459901 (≈ 0)
══════════════════════════════════════╪═══════════════════════════════════════════════════════════════════════════════════════════════════════════════════════════════════════════════════════════════════════════
"coin" -> false "n" -> 155 "x" ->   0 │ 1267650600228229401496703205376/173688133855974293135356477513031861779904976998460846059186376011869694459901 (≈ 0)
══════════════════════════════════════╪═══════════════════════════════════════════════════════════════════════════════════════════════════════════════════════════════════════════════════════════════════════════
"coin" -> false "n" -> 155 "x" ->   1 │ 1267650600228229401496703205376/173688133855974293135356477513031861779904976998460846059186376011869694459901 (≈ 0)
══════════════════════════════════════╪═══════════════════════════════════════════════════════════════════════════════════════════════════════════════════════════════════════════════════════════════════════════
"coin" -> false "n" -> 155 "x" ->   2 │ 1267650600228229401496703205376/173688133855974293135356477513031861779904976998460846059186376011869694459901 (≈ 0)
══════════════════════════════════════╪═══════════════════════════════════════════════════════════════════════════════════════════════════════════════════════════════════════════════════════════════════════════
"coin" -> false "n" -> 156 "x" ->   0 │ 633825300114114700748351602688/173688133855974293135356477513031861779904976998460846059186376011869694459901 (≈ 0)
══════════════════════════════════════╪═══════════════════════════════════════════════════════════════════════════════════════════════════════════════════════════════════════════════════════════════════════════
"coin" -> false "n" -> 156 "x" ->   1 │ 633825300114114700748351602688/173688133855974293135356477513031861779904976998460846059186376011869694459901 (≈ 0)
══════════════════════════════════════╪═══════════════════════════════════════════════════════════════════════════════════════════════════════════════════════════════════════════════════════════════════════════
"coin" -> false "n" -> 156 "x" ->   2 │ 633825300114114700748351602688/173688133855974293135356477513031861779904976998460846059186376011869694459901 (≈ 0)
══════════════════════════════════════╪═══════════════════════════════════════════════════════════════════════════════════════════════════════════════════════════════════════════════════════════════════════════
"coin" -> false "n" -> 157 "x" ->   0 │ 316912650057057350374175801344/173688133855974293135356477513031861779904976998460846059186376011869694459901 (≈ 0)
══════════════════════════════════════╪═══════════════════════════════════════════════════════════════════════════════════════════════════════════════════════════════════════════════════════════════════════════
"coin" -> false "n" -> 157 "x" ->   1 │ 316912650057057350374175801344/173688133855974293135356477513031861779904976998460846059186376011869694459901 (≈ 0)
══════════════════════════════════════╪═══════════════════════════════════════════════════════════════════════════════════════════════════════════════════════════════════════════════════════════════════════════
"coin" -> false "n" -> 157 "x" ->   2 │ 316912650057057350374175801344/173688133855974293135356477513031861779904976998460846059186376011869694459901 (≈ 0)
══════════════════════════════════════╪═══════════════════════════════════════════════════════════════════════════════════════════════════════════════════════════════════════════════════════════════════════════
"coin" -> false "n" -> 158 "x" ->   0 │ 158456325028528675187087900672/173688133855974293135356477513031861779904976998460846059186376011869694459901 (≈ 0)
══════════════════════════════════════╪═══════════════════════════════════════════════════════════════════════════════════════════════════════════════════════════════════════════════════════════════════════════
"coin" -> false "n" -> 158 "x" ->   1 │ 158456325028528675187087900672/173688133855974293135356477513031861779904976998460846059186376011869694459901 (≈ 0)
══════════════════════════════════════╪═══════════════════════════════════════════════════════════════════════════════════════════════════════════════════════════════════════════════════════════════════════════
"coin" -> false "n" -> 158 "x" ->   2 │ 158456325028528675187087900672/173688133855974293135356477513031861779904976998460846059186376011869694459901 (≈ 0)
══════════════════════════════════════╪═══════════════════════════════════════════════════════════════════════════════════════════════════════════════════════════════════════════════════════════════════════════
"coin" -> false "n" -> 159 "x" ->   0 │ 79228162514264337593543950336/173688133855974293135356477513031861779904976998460846059186376011869694459901 (≈ 0)
══════════════════════════════════════╪═══════════════════════════════════════════════════════════════════════════════════════════════════════════════════════════════════════════════════════════════════════════
"coin" -> false "n" -> 159 "x" ->   1 │ 79228162514264337593543950336/173688133855974293135356477513031861779904976998460846059186376011869694459901 (≈ 0)
══════════════════════════════════════╪═══════════════════════════════════════════════════════════════════════════════════════════════════════════════════════════════════════════════════════════════════════════
"coin" -> false "n" -> 159 "x" ->   2 │ 79228162514264337593543950336/173688133855974293135356477513031861779904976998460846059186376011869694459901 (≈ 0)
══════════════════════════════════════╪═══════════════════════════════════════════════════════════════════════════════════════════════════════════════════════════════════════════════════════════════════════════
"coin" -> false "n" -> 160 "x" ->   0 │ 39614081257132168796771975168/173688133855974293135356477513031861779904976998460846059186376011869694459901 (≈ 0)
══════════════════════════════════════╪═══════════════════════════════════════════════════════════════════════════════════════════════════════════════════════════════════════════════════════════════════════════
"coin" -> false "n" -> 160 "x" ->   1 │ 39614081257132168796771975168/173688133855974293135356477513031861779904976998460846059186376011869694459901 (≈ 0)
══════════════════════════════════════╪═══════════════════════════════════════════════════════════════════════════════════════════════════════════════════════════════════════════════════════════════════════════
"coin" -> false "n" -> 160 "x" ->   2 │ 39614081257132168796771975168/173688133855974293135356477513031861779904976998460846059186376011869694459901 (≈ 0)
══════════════════════════════════════╪═══════════════════════════════════════════════════════════════════════════════════════════════════════════════════════════════════════════════════════════════════════════
"coin" -> false "n" -> 161 "x" ->   0 │ 19807040628566084398385987584/173688133855974293135356477513031861779904976998460846059186376011869694459901 (≈ 0)
══════════════════════════════════════╪═══════════════════════════════════════════════════════════════════════════════════════════════════════════════════════════════════════════════════════════════════════════
"coin" -> false "n" -> 161 "x" ->   1 │ 19807040628566084398385987584/173688133855974293135356477513031861779904976998460846059186376011869694459901 (≈ 0)
══════════════════════════════════════╪═══════════════════════════════════════════════════════════════════════════════════════════════════════════════════════════════════════════════════════════════════════════
"coin" -> false "n" -> 161 "x" ->   2 │ 19807040628566084398385987584/173688133855974293135356477513031861779904976998460846059186376011869694459901 (≈ 0)
══════════════════════════════════════╪═══════════════════════════════════════════════════════════════════════════════════════════════════════════════════════════════════════════════════════════════════════════
"coin" -> false "n" -> 162 "x" ->   0 │ 9903520314283042199192993792/173688133855974293135356477513031861779904976998460846059186376011869694459901 (≈ 0)
══════════════════════════════════════╪═══════════════════════════════════════════════════════════════════════════════════════════════════════════════════════════════════════════════════════════════════════════
"coin" -> false "n" -> 162 "x" ->   1 │ 9903520314283042199192993792/173688133855974293135356477513031861779904976998460846059186376011869694459901 (≈ 0)
══════════════════════════════════════╪═══════════════════════════════════════════════════════════════════════════════════════════════════════════════════════════════════════════════════════════════════════════
"coin" -> false "n" -> 162 "x" ->   2 │ 9903520314283042199192993792/173688133855974293135356477513031861779904976998460846059186376011869694459901 (≈ 0)
══════════════════════════════════════╪═══════════════════════════════════════════════════════════════════════════════════════════════════════════════════════════════════════════════════════════════════════════
"coin" -> false "n" -> 163 "x" ->   0 │ 4951760157141521099596496896/173688133855974293135356477513031861779904976998460846059186376011869694459901 (≈ 0)
══════════════════════════════════════╪═══════════════════════════════════════════════════════════════════════════════════════════════════════════════════════════════════════════════════════════════════════════
"coin" -> false "n" -> 163 "x" ->   1 │ 4951760157141521099596496896/173688133855974293135356477513031861779904976998460846059186376011869694459901 (≈ 0)
══════════════════════════════════════╪═══════════════════════════════════════════════════════════════════════════════════════════════════════════════════════════════════════════════════════════════════════════
"coin" -> false "n" -> 163 "x" ->   2 │ 4951760157141521099596496896/173688133855974293135356477513031861779904976998460846059186376011869694459901 (≈ 0)
══════════════════════════════════════╪═══════════════════════════════════════════════════════════════════════════════════════════════════════════════════════════════════════════════════════════════════════════
"coin" -> false "n" -> 164 "x" ->   0 │ 2475880078570760549798248448/173688133855974293135356477513031861779904976998460846059186376011869694459901 (≈ 0)
══════════════════════════════════════╪═══════════════════════════════════════════════════════════════════════════════════════════════════════════════════════════════════════════════════════════════════════════
"coin" -> false "n" -> 164 "x" ->   1 │ 2475880078570760549798248448/173688133855974293135356477513031861779904976998460846059186376011869694459901 (≈ 0)
══════════════════════════════════════╪═══════════════════════════════════════════════════════════════════════════════════════════════════════════════════════════════════════════════════════════════════════════
"coin" -> false "n" -> 164 "x" ->   2 │ 2475880078570760549798248448/173688133855974293135356477513031861779904976998460846059186376011869694459901 (≈ 0)
══════════════════════════════════════╪═══════════════════════════════════════════════════════════════════════════════════════════════════════════════════════════════════════════════════════════════════════════
"coin" -> false "n" -> 165 "x" ->   0 │ 1237940039285380274899124224/173688133855974293135356477513031861779904976998460846059186376011869694459901 (≈ 0)
══════════════════════════════════════╪═══════════════════════════════════════════════════════════════════════════════════════════════════════════════════════════════════════════════════════════════════════════
"coin" -> false "n" -> 165 "x" ->   1 │ 1237940039285380274899124224/173688133855974293135356477513031861779904976998460846059186376011869694459901 (≈ 0)
══════════════════════════════════════╪═══════════════════════════════════════════════════════════════════════════════════════════════════════════════════════════════════════════════════════════════════════════
"coin" -> false "n" -> 165 "x" ->   2 │ 1237940039285380274899124224/173688133855974293135356477513031861779904976998460846059186376011869694459901 (≈ 0)
══════════════════════════════════════╪═══════════════════════════════════════════════════════════════════════════════════════════════════════════════════════════════════════════════════════════════════════════
"coin" -> false "n" -> 166 "x" ->   0 │ 618970019642690137449562112/173688133855974293135356477513031861779904976998460846059186376011869694459901 (≈ 0)
══════════════════════════════════════╪═══════════════════════════════════════════════════════════════════════════════════════════════════════════════════════════════════════════════════════════════════════════
"coin" -> false "n" -> 166 "x" ->   1 │ 618970019642690137449562112/173688133855974293135356477513031861779904976998460846059186376011869694459901 (≈ 0)
══════════════════════════════════════╪═══════════════════════════════════════════════════════════════════════════════════════════════════════════════════════════════════════════════════════════════════════════
"coin" -> false "n" -> 166 "x" ->   2 │ 618970019642690137449562112/173688133855974293135356477513031861779904976998460846059186376011869694459901 (≈ 0)
══════════════════════════════════════╪═══════════════════════════════════════════════════════════════════════════════════════════════════════════════════════════════════════════════════════════════════════════
"coin" -> false "n" -> 167 "x" ->   0 │ 309485009821345068724781056/173688133855974293135356477513031861779904976998460846059186376011869694459901 (≈ 0)
══════════════════════════════════════╪═══════════════════════════════════════════════════════════════════════════════════════════════════════════════════════════════════════════════════════════════════════════
"coin" -> false "n" -> 167 "x" ->   1 │ 309485009821345068724781056/173688133855974293135356477513031861779904976998460846059186376011869694459901 (≈ 0)
══════════════════════════════════════╪═══════════════════════════════════════════════════════════════════════════════════════════════════════════════════════════════════════════════════════════════════════════
"coin" -> false "n" -> 167 "x" ->   2 │ 309485009821345068724781056/173688133855974293135356477513031861779904976998460846059186376011869694459901 (≈ 0)
══════════════════════════════════════╪═══════════════════════════════════════════════════════════════════════════════════════════════════════════════════════════════════════════════════════════════════════════
"coin" -> false "n" -> 168 "x" ->   0 │ 154742504910672534362390528/173688133855974293135356477513031861779904976998460846059186376011869694459901 (≈ 0)
══════════════════════════════════════╪═══════════════════════════════════════════════════════════════════════════════════════════════════════════════════════════════════════════════════════════════════════════
"coin" -> false "n" -> 168 "x" ->   1 │ 154742504910672534362390528/173688133855974293135356477513031861779904976998460846059186376011869694459901 (≈ 0)
══════════════════════════════════════╪═══════════════════════════════════════════════════════════════════════════════════════════════════════════════════════════════════════════════════════════════════════════
"coin" -> false "n" -> 168 "x" ->   2 │ 154742504910672534362390528/173688133855974293135356477513031861779904976998460846059186376011869694459901 (≈ 0)
══════════════════════════════════════╪═══════════════════════════════════════════════════════════════════════════════════════════════════════════════════════════════════════════════════════════════════════════
"coin" -> false "n" -> 169 "x" ->   0 │ 77371252455336267181195264/173688133855974293135356477513031861779904976998460846059186376011869694459901 (≈ 0)
══════════════════════════════════════╪═══════════════════════════════════════════════════════════════════════════════════════════════════════════════════════════════════════════════════════════════════════════
"coin" -> false "n" -> 169 "x" ->   1 │ 77371252455336267181195264/173688133855974293135356477513031861779904976998460846059186376011869694459901 (≈ 0)
══════════════════════════════════════╪═══════════════════════════════════════════════════════════════════════════════════════════════════════════════════════════════════════════════════════════════════════════
"coin" -> false "n" -> 169 "x" ->   2 │ 77371252455336267181195264/173688133855974293135356477513031861779904976998460846059186376011869694459901 (≈ 0)
══════════════════════════════════════╪═══════════════════════════════════════════════════════════════════════════════════════════════════════════════════════════════════════════════════════════════════════════
"coin" -> false "n" -> 170 "x" ->   0 │ 38685626227668133590597632/173688133855974293135356477513031861779904976998460846059186376011869694459901 (≈ 0)
══════════════════════════════════════╪═══════════════════════════════════════════════════════════════════════════════════════════════════════════════════════════════════════════════════════════════════════════
"coin" -> false "n" -> 170 "x" ->   1 │ 38685626227668133590597632/173688133855974293135356477513031861779904976998460846059186376011869694459901 (≈ 0)
══════════════════════════════════════╪═══════════════════════════════════════════════════════════════════════════════════════════════════════════════════════════════════════════════════════════════════════════
"coin" -> false "n" -> 170 "x" ->   2 │ 38685626227668133590597632/173688133855974293135356477513031861779904976998460846059186376011869694459901 (≈ 0)
══════════════════════════════════════╪═══════════════════════════════════════════════════════════════════════════════════════════════════════════════════════════════════════════════════════════════════════════
"coin" -> false "n" -> 171 "x" ->   0 │ 19342813113834066795298816/173688133855974293135356477513031861779904976998460846059186376011869694459901 (≈ 0)
══════════════════════════════════════╪═══════════════════════════════════════════════════════════════════════════════════════════════════════════════════════════════════════════════════════════════════════════
"coin" -> false "n" -> 171 "x" ->   1 │ 19342813113834066795298816/173688133855974293135356477513031861779904976998460846059186376011869694459901 (≈ 0)
══════════════════════════════════════╪═══════════════════════════════════════════════════════════════════════════════════════════════════════════════════════════════════════════════════════════════════════════
"coin" -> false "n" -> 171 "x" ->   2 │ 19342813113834066795298816/173688133855974293135356477513031861779904976998460846059186376011869694459901 (≈ 0)
══════════════════════════════════════╪═══════════════════════════════════════════════════════════════════════════════════════════════════════════════════════════════════════════════════════════════════════════
"coin" -> false "n" -> 172 "x" ->   0 │ 9671406556917033397649408/173688133855974293135356477513031861779904976998460846059186376011869694459901 (≈ 0)
══════════════════════════════════════╪═══════════════════════════════════════════════════════════════════════════════════════════════════════════════════════════════════════════════════════════════════════════
"coin" -> false "n" -> 172 "x" ->   1 │ 9671406556917033397649408/173688133855974293135356477513031861779904976998460846059186376011869694459901 (≈ 0)
══════════════════════════════════════╪═══════════════════════════════════════════════════════════════════════════════════════════════════════════════════════════════════════════════════════════════════════════
"coin" -> false "n" -> 172 "x" ->   2 │ 9671406556917033397649408/173688133855974293135356477513031861779904976998460846059186376011869694459901 (≈ 0)
══════════════════════════════════════╪═══════════════════════════════════════════════════════════════════════════════════════════════════════════════════════════════════════════════════════════════════════════
"coin" -> false "n" -> 173 "x" ->   0 │ 4835703278458516698824704/173688133855974293135356477513031861779904976998460846059186376011869694459901 (≈ 0)
══════════════════════════════════════╪═══════════════════════════════════════════════════════════════════════════════════════════════════════════════════════════════════════════════════════════════════════════
"coin" -> false "n" -> 173 "x" ->   1 │ 4835703278458516698824704/173688133855974293135356477513031861779904976998460846059186376011869694459901 (≈ 0)
══════════════════════════════════════╪═══════════════════════════════════════════════════════════════════════════════════════════════════════════════════════════════════════════════════════════════════════════
"coin" -> false "n" -> 173 "x" ->   2 │ 4835703278458516698824704/173688133855974293135356477513031861779904976998460846059186376011869694459901 (≈ 0)
══════════════════════════════════════╪═══════════════════════════════════════════════════════════════════════════════════════════════════════════════════════════════════════════════════════════════════════════
"coin" -> false "n" -> 174 "x" ->   0 │ 2417851639229258349412352/173688133855974293135356477513031861779904976998460846059186376011869694459901 (≈ 0)
══════════════════════════════════════╪═══════════════════════════════════════════════════════════════════════════════════════════════════════════════════════════════════════════════════════════════════════════
"coin" -> false "n" -> 174 "x" ->   1 │ 2417851639229258349412352/173688133855974293135356477513031861779904976998460846059186376011869694459901 (≈ 0)
══════════════════════════════════════╪═══════════════════════════════════════════════════════════════════════════════════════════════════════════════════════════════════════════════════════════════════════════
"coin" -> false "n" -> 174 "x" ->   2 │ 2417851639229258349412352/173688133855974293135356477513031861779904976998460846059186376011869694459901 (≈ 0)
══════════════════════════════════════╪═══════════════════════════════════════════════════════════════════════════════════════════════════════════════════════════════════════════════════════════════════════════
"coin" -> false "n" -> 175 "x" ->   0 │ 1208925819614629174706176/173688133855974293135356477513031861779904976998460846059186376011869694459901 (≈ 0)
══════════════════════════════════════╪═══════════════════════════════════════════════════════════════════════════════════════════════════════════════════════════════════════════════════════════════════════════
"coin" -> false "n" -> 175 "x" ->   1 │ 1208925819614629174706176/173688133855974293135356477513031861779904976998460846059186376011869694459901 (≈ 0)
══════════════════════════════════════╪═══════════════════════════════════════════════════════════════════════════════════════════════════════════════════════════════════════════════════════════════════════════
"coin" -> false "n" -> 175 "x" ->   2 │ 1208925819614629174706176/173688133855974293135356477513031861779904976998460846059186376011869694459901 (≈ 0)
══════════════════════════════════════╪═══════════════════════════════════════════════════════════════════════════════════════════════════════════════════════════════════════════════════════════════════════════
"coin" -> false "n" -> 176 "x" ->   0 │ 604462909807314587353088/173688133855974293135356477513031861779904976998460846059186376011869694459901 (≈ 0)
══════════════════════════════════════╪═══════════════════════════════════════════════════════════════════════════════════════════════════════════════════════════════════════════════════════════════════════════
"coin" -> false "n" -> 176 "x" ->   1 │ 604462909807314587353088/173688133855974293135356477513031861779904976998460846059186376011869694459901 (≈ 0)
══════════════════════════════════════╪═══════════════════════════════════════════════════════════════════════════════════════════════════════════════════════════════════════════════════════════════════════════
"coin" -> false "n" -> 176 "x" ->   2 │ 604462909807314587353088/173688133855974293135356477513031861779904976998460846059186376011869694459901 (≈ 0)
══════════════════════════════════════╪═══════════════════════════════════════════════════════════════════════════════════════════════════════════════════════════════════════════════════════════════════════════
"coin" -> false "n" -> 177 "x" ->   0 │ 302231454903657293676544/173688133855974293135356477513031861779904976998460846059186376011869694459901 (≈ 0)
══════════════════════════════════════╪═══════════════════════════════════════════════════════════════════════════════════════════════════════════════════════════════════════════════════════════════════════════
"coin" -> false "n" -> 177 "x" ->   1 │ 302231454903657293676544/173688133855974293135356477513031861779904976998460846059186376011869694459901 (≈ 0)
══════════════════════════════════════╪═══════════════════════════════════════════════════════════════════════════════════════════════════════════════════════════════════════════════════════════════════════════
"coin" -> false "n" -> 177 "x" ->   2 │ 302231454903657293676544/173688133855974293135356477513031861779904976998460846059186376011869694459901 (≈ 0)
══════════════════════════════════════╪═══════════════════════════════════════════════════════════════════════════════════════════════════════════════════════════════════════════════════════════════════════════
"coin" -> false "n" -> 178 "x" ->   0 │ 151115727451828646838272/173688133855974293135356477513031861779904976998460846059186376011869694459901 (≈ 0)
══════════════════════════════════════╪═══════════════════════════════════════════════════════════════════════════════════════════════════════════════════════════════════════════════════════════════════════════
"coin" -> false "n" -> 178 "x" ->   1 │ 151115727451828646838272/173688133855974293135356477513031861779904976998460846059186376011869694459901 (≈ 0)
══════════════════════════════════════╪═══════════════════════════════════════════════════════════════════════════════════════════════════════════════════════════════════════════════════════════════════════════
"coin" -> false "n" -> 178 "x" ->   2 │ 151115727451828646838272/173688133855974293135356477513031861779904976998460846059186376011869694459901 (≈ 0)
══════════════════════════════════════╪═══════════════════════════════════════════════════════════════════════════════════════════════════════════════════════════════════════════════════════════════════════════
"coin" -> false "n" -> 179 "x" ->   0 │ 75557863725914323419136/173688133855974293135356477513031861779904976998460846059186376011869694459901 (≈ 0)
══════════════════════════════════════╪═══════════════════════════════════════════════════════════════════════════════════════════════════════════════════════════════════════════════════════════════════════════
"coin" -> false "n" -> 179 "x" ->   1 │ 75557863725914323419136/173688133855974293135356477513031861779904976998460846059186376011869694459901 (≈ 0)
══════════════════════════════════════╪═══════════════════════════════════════════════════════════════════════════════════════════════════════════════════════════════════════════════════════════════════════════
"coin" -> false "n" -> 179 "x" ->   2 │ 75557863725914323419136/173688133855974293135356477513031861779904976998460846059186376011869694459901 (≈ 0)
══════════════════════════════════════╪═══════════════════════════════════════════════════════════════════════════════════════════════════════════════════════════════════════════════════════════════════════════
"coin" -> false "n" -> 180 "x" ->   0 │ 37778931862957161709568/173688133855974293135356477513031861779904976998460846059186376011869694459901 (≈ 0)
══════════════════════════════════════╪═══════════════════════════════════════════════════════════════════════════════════════════════════════════════════════════════════════════════════════════════════════════
"coin" -> false "n" -> 180 "x" ->   1 │ 37778931862957161709568/173688133855974293135356477513031861779904976998460846059186376011869694459901 (≈ 0)
══════════════════════════════════════╪═══════════════════════════════════════════════════════════════════════════════════════════════════════════════════════════════════════════════════════════════════════════
"coin" -> false "n" -> 180 "x" ->   2 │ 37778931862957161709568/173688133855974293135356477513031861779904976998460846059186376011869694459901 (≈ 0)
══════════════════════════════════════╪═══════════════════════════════════════════════════════════════════════════════════════════════════════════════════════════════════════════════════════════════════════════
"coin" -> false "n" -> 181 "x" ->   0 │ 18889465931478580854784/173688133855974293135356477513031861779904976998460846059186376011869694459901 (≈ 0)
══════════════════════════════════════╪═══════════════════════════════════════════════════════════════════════════════════════════════════════════════════════════════════════════════════════════════════════════
"coin" -> false "n" -> 181 "x" ->   1 │ 18889465931478580854784/173688133855974293135356477513031861779904976998460846059186376011869694459901 (≈ 0)
══════════════════════════════════════╪═══════════════════════════════════════════════════════════════════════════════════════════════════════════════════════════════════════════════════════════════════════════
"coin" -> false "n" -> 181 "x" ->   2 │ 18889465931478580854784/173688133855974293135356477513031861779904976998460846059186376011869694459901 (≈ 0)
══════════════════════════════════════╪═══════════════════════════════════════════════════════════════════════════════════════════════════════════════════════════════════════════════════════════════════════════
"coin" -> false "n" -> 182 "x" ->   0 │ 9444732965739290427392/173688133855974293135356477513031861779904976998460846059186376011869694459901 (≈ 0)
══════════════════════════════════════╪═══════════════════════════════════════════════════════════════════════════════════════════════════════════════════════════════════════════════════════════════════════════
"coin" -> false "n" -> 182 "x" ->   1 │ 9444732965739290427392/173688133855974293135356477513031861779904976998460846059186376011869694459901 (≈ 0)
══════════════════════════════════════╪═══════════════════════════════════════════════════════════════════════════════════════════════════════════════════════════════════════════════════════════════════════════
"coin" -> false "n" -> 182 "x" ->   2 │ 9444732965739290427392/173688133855974293135356477513031861779904976998460846059186376011869694459901 (≈ 0)
══════════════════════════════════════╪═══════════════════════════════════════════════════════════════════════════════════════════════════════════════════════════════════════════════════════════════════════════
"coin" -> false "n" -> 183 "x" ->   0 │ 4722366482869645213696/173688133855974293135356477513031861779904976998460846059186376011869694459901 (≈ 0)
══════════════════════════════════════╪═══════════════════════════════════════════════════════════════════════════════════════════════════════════════════════════════════════════════════════════════════════════
"coin" -> false "n" -> 183 "x" ->   1 │ 4722366482869645213696/173688133855974293135356477513031861779904976998460846059186376011869694459901 (≈ 0)
══════════════════════════════════════╪═══════════════════════════════════════════════════════════════════════════════════════════════════════════════════════════════════════════════════════════════════════════
"coin" -> false "n" -> 183 "x" ->   2 │ 4722366482869645213696/173688133855974293135356477513031861779904976998460846059186376011869694459901 (≈ 0)
══════════════════════════════════════╪═══════════════════════════════════════════════════════════════════════════════════════════════════════════════════════════════════════════════════════════════════════════
"coin" -> false "n" -> 184 "x" ->   0 │ 2361183241434822606848/173688133855974293135356477513031861779904976998460846059186376011869694459901 (≈ 0)
══════════════════════════════════════╪═══════════════════════════════════════════════════════════════════════════════════════════════════════════════════════════════════════════════════════════════════════════
"coin" -> false "n" -> 184 "x" ->   1 │ 2361183241434822606848/173688133855974293135356477513031861779904976998460846059186376011869694459901 (≈ 0)
══════════════════════════════════════╪═══════════════════════════════════════════════════════════════════════════════════════════════════════════════════════════════════════════════════════════════════════════
"coin" -> false "n" -> 184 "x" ->   2 │ 2361183241434822606848/173688133855974293135356477513031861779904976998460846059186376011869694459901 (≈ 0)
══════════════════════════════════════╪═══════════════════════════════════════════════════════════════════════════════════════════════════════════════════════════════════════════════════════════════════════════
"coin" -> false "n" -> 185 "x" ->   0 │ 1180591620717411303424/173688133855974293135356477513031861779904976998460846059186376011869694459901 (≈ 0)
══════════════════════════════════════╪═══════════════════════════════════════════════════════════════════════════════════════════════════════════════════════════════════════════════════════════════════════════
"coin" -> false "n" -> 185 "x" ->   1 │ 1180591620717411303424/173688133855974293135356477513031861779904976998460846059186376011869694459901 (≈ 0)
══════════════════════════════════════╪═══════════════════════════════════════════════════════════════════════════════════════════════════════════════════════════════════════════════════════════════════════════
"coin" -> false "n" -> 185 "x" ->   2 │ 1180591620717411303424/173688133855974293135356477513031861779904976998460846059186376011869694459901 (≈ 0)
══════════════════════════════════════╪═══════════════════════════════════════════════════════════════════════════════════════════════════════════════════════════════════════════════════════════════════════════
"coin" -> false "n" -> 186 "x" ->   0 │ 590295810358705651712/173688133855974293135356477513031861779904976998460846059186376011869694459901 (≈ 0)
══════════════════════════════════════╪═══════════════════════════════════════════════════════════════════════════════════════════════════════════════════════════════════════════════════════════════════════════
"coin" -> false "n" -> 186 "x" ->   1 │ 590295810358705651712/173688133855974293135356477513031861779904976998460846059186376011869694459901 (≈ 0)
══════════════════════════════════════╪═══════════════════════════════════════════════════════════════════════════════════════════════════════════════════════════════════════════════════════════════════════════
"coin" -> false "n" -> 186 "x" ->   2 │ 590295810358705651712/173688133855974293135356477513031861779904976998460846059186376011869694459901 (≈ 0)
══════════════════════════════════════╪═══════════════════════════════════════════════════════════════════════════════════════════════════════════════════════════════════════════════════════════════════════════
"coin" -> false "n" -> 187 "x" ->   0 │ 295147905179352825856/173688133855974293135356477513031861779904976998460846059186376011869694459901 (≈ 0)
══════════════════════════════════════╪═══════════════════════════════════════════════════════════════════════════════════════════════════════════════════════════════════════════════════════════════════════════
"coin" -> false "n" -> 187 "x" ->   1 │ 295147905179352825856/173688133855974293135356477513031861779904976998460846059186376011869694459901 (≈ 0)
══════════════════════════════════════╪═══════════════════════════════════════════════════════════════════════════════════════════════════════════════════════════════════════════════════════════════════════════
"coin" -> false "n" -> 187 "x" ->   2 │ 295147905179352825856/173688133855974293135356477513031861779904976998460846059186376011869694459901 (≈ 0)
══════════════════════════════════════╪═══════════════════════════════════════════════════════════════════════════════════════════════════════════════════════════════════════════════════════════════════════════
"coin" -> false "n" -> 188 "x" ->   0 │ 147573952589676412928/173688133855974293135356477513031861779904976998460846059186376011869694459901 (≈ 0)
══════════════════════════════════════╪═══════════════════════════════════════════════════════════════════════════════════════════════════════════════════════════════════════════════════════════════════════════
"coin" -> false "n" -> 188 "x" ->   1 │ 147573952589676412928/173688133855974293135356477513031861779904976998460846059186376011869694459901 (≈ 0)
══════════════════════════════════════╪═══════════════════════════════════════════════════════════════════════════════════════════════════════════════════════════════════════════════════════════════════════════
"coin" -> false "n" -> 188 "x" ->   2 │ 147573952589676412928/173688133855974293135356477513031861779904976998460846059186376011869694459901 (≈ 0)
══════════════════════════════════════╪═══════════════════════════════════════════════════════════════════════════════════════════════════════════════════════════════════════════════════════════════════════════
"coin" -> false "n" -> 189 "x" ->   0 │ 73786976294838206464/173688133855974293135356477513031861779904976998460846059186376011869694459901 (≈ 0)
══════════════════════════════════════╪═══════════════════════════════════════════════════════════════════════════════════════════════════════════════════════════════════════════════════════════════════════════
"coin" -> false "n" -> 189 "x" ->   1 │ 73786976294838206464/173688133855974293135356477513031861779904976998460846059186376011869694459901 (≈ 0)
══════════════════════════════════════╪═══════════════════════════════════════════════════════════════════════════════════════════════════════════════════════════════════════════════════════════════════════════
"coin" -> false "n" -> 189 "x" ->   2 │ 73786976294838206464/173688133855974293135356477513031861779904976998460846059186376011869694459901 (≈ 0)
══════════════════════════════════════╪═══════════════════════════════════════════════════════════════════════════════════════════════════════════════════════════════════════════════════════════════════════════
"coin" -> false "n" -> 190 "x" ->   0 │ 36893488147419103232/173688133855974293135356477513031861779904976998460846059186376011869694459901 (≈ 0)
══════════════════════════════════════╪═══════════════════════════════════════════════════════════════════════════════════════════════════════════════════════════════════════════════════════════════════════════
"coin" -> false "n" -> 190 "x" ->   1 │ 36893488147419103232/173688133855974293135356477513031861779904976998460846059186376011869694459901 (≈ 0)
══════════════════════════════════════╪═══════════════════════════════════════════════════════════════════════════════════════════════════════════════════════════════════════════════════════════════════════════
"coin" -> false "n" -> 190 "x" ->   2 │ 36893488147419103232/173688133855974293135356477513031861779904976998460846059186376011869694459901 (≈ 0)
══════════════════════════════════════╪═══════════════════════════════════════════════════════════════════════════════════════════════════════════════════════════════════════════════════════════════════════════
"coin" -> false "n" -> 191 "x" ->   0 │ 18446744073709551616/173688133855974293135356477513031861779904976998460846059186376011869694459901 (≈ 0)
══════════════════════════════════════╪═══════════════════════════════════════════════════════════════════════════════════════════════════════════════════════════════════════════════════════════════════════════
"coin" -> false "n" -> 191 "x" ->   1 │ 18446744073709551616/173688133855974293135356477513031861779904976998460846059186376011869694459901 (≈ 0)
══════════════════════════════════════╪═══════════════════════════════════════════════════════════════════════════════════════════════════════════════════════════════════════════════════════════════════════════
"coin" -> false "n" -> 191 "x" ->   2 │ 18446744073709551616/173688133855974293135356477513031861779904976998460846059186376011869694459901 (≈ 0)
══════════════════════════════════════╪═══════════════════════════════════════════════════════════════════════════════════════════════════════════════════════════════════════════════════════════════════════════
"coin" -> false "n" -> 192 "x" ->   0 │ 9223372036854775808/173688133855974293135356477513031861779904976998460846059186376011869694459901 (≈ 0)
══════════════════════════════════════╪═══════════════════════════════════════════════════════════════════════════════════════════════════════════════════════════════════════════════════════════════════════════
"coin" -> false "n" -> 192 "x" ->   1 │ 9223372036854775808/173688133855974293135356477513031861779904976998460846059186376011869694459901 (≈ 0)
══════════════════════════════════════╪═══════════════════════════════════════════════════════════════════════════════════════════════════════════════════════════════════════════════════════════════════════════
"coin" -> false "n" -> 192 "x" ->   2 │ 9223372036854775808/173688133855974293135356477513031861779904976998460846059186376011869694459901 (≈ 0)
══════════════════════════════════════╪═══════════════════════════════════════════════════════════════════════════════════════════════════════════════════════════════════════════════════════════════════════════
"coin" -> false "n" -> 193 "x" ->   0 │ 4611686018427387904/173688133855974293135356477513031861779904976998460846059186376011869694459901 (≈ 0)
══════════════════════════════════════╪═══════════════════════════════════════════════════════════════════════════════════════════════════════════════════════════════════════════════════════════════════════════
"coin" -> false "n" -> 193 "x" ->   1 │ 4611686018427387904/173688133855974293135356477513031861779904976998460846059186376011869694459901 (≈ 0)
══════════════════════════════════════╪═══════════════════════════════════════════════════════════════════════════════════════════════════════════════════════════════════════════════════════════════════════════
"coin" -> false "n" -> 193 "x" ->   2 │ 4611686018427387904/173688133855974293135356477513031861779904976998460846059186376011869694459901 (≈ 0)
══════════════════════════════════════╪═══════════════════════════════════════════════════════════════════════════════════════════════════════════════════════════════════════════════════════════════════════════
"coin" -> false "n" -> 194 "x" ->   0 │ 2305843009213693952/173688133855974293135356477513031861779904976998460846059186376011869694459901 (≈ 0)
══════════════════════════════════════╪═══════════════════════════════════════════════════════════════════════════════════════════════════════════════════════════════════════════════════════════════════════════
"coin" -> false "n" -> 194 "x" ->   1 │ 2305843009213693952/173688133855974293135356477513031861779904976998460846059186376011869694459901 (≈ 0)
══════════════════════════════════════╪═══════════════════════════════════════════════════════════════════════════════════════════════════════════════════════════════════════════════════════════════════════════
"coin" -> false "n" -> 194 "x" ->   2 │ 2305843009213693952/173688133855974293135356477513031861779904976998460846059186376011869694459901 (≈ 0)
══════════════════════════════════════╪═══════════════════════════════════════════════════════════════════════════════════════════════════════════════════════════════════════════════════════════════════════════
"coin" -> false "n" -> 195 "x" ->   0 │ 1152921504606846976/173688133855974293135356477513031861779904976998460846059186376011869694459901 (≈ 0)
══════════════════════════════════════╪═══════════════════════════════════════════════════════════════════════════════════════════════════════════════════════════════════════════════════════════════════════════
"coin" -> false "n" -> 195 "x" ->   1 │ 1152921504606846976/173688133855974293135356477513031861779904976998460846059186376011869694459901 (≈ 0)
══════════════════════════════════════╪═══════════════════════════════════════════════════════════════════════════════════════════════════════════════════════════════════════════════════════════════════════════
"coin" -> false "n" -> 195 "x" ->   2 │ 1152921504606846976/173688133855974293135356477513031861779904976998460846059186376011869694459901 (≈ 0)
══════════════════════════════════════╪═══════════════════════════════════════════════════════════════════════════════════════════════════════════════════════════════════════════════════════════════════════════
"coin" -> false "n" -> 196 "x" ->   0 │ 576460752303423488/173688133855974293135356477513031861779904976998460846059186376011869694459901 (≈ 0)
══════════════════════════════════════╪═══════════════════════════════════════════════════════════════════════════════════════════════════════════════════════════════════════════════════════════════════════════
"coin" -> false "n" -> 196 "x" ->   1 │ 576460752303423488/173688133855974293135356477513031861779904976998460846059186376011869694459901 (≈ 0)
══════════════════════════════════════╪═══════════════════════════════════════════════════════════════════════════════════════════════════════════════════════════════════════════════════════════════════════════
"coin" -> false "n" -> 196 "x" ->   2 │ 576460752303423488/173688133855974293135356477513031861779904976998460846059186376011869694459901 (≈ 0)
══════════════════════════════════════╪═══════════════════════════════════════════════════════════════════════════════════════════════════════════════════════════════════════════════════════════════════════════
"coin" -> false "n" -> 197 "x" ->   0 │ 288230376151711744/173688133855974293135356477513031861779904976998460846059186376011869694459901 (≈ 0)
══════════════════════════════════════╪═══════════════════════════════════════════════════════════════════════════════════════════════════════════════════════════════════════════════════════════════════════════
"coin" -> false "n" -> 197 "x" ->   1 │ 288230376151711744/173688133855974293135356477513031861779904976998460846059186376011869694459901 (≈ 0)
══════════════════════════════════════╪═══════════════════════════════════════════════════════════════════════════════════════════════════════════════════════════════════════════════════════════════════════════
"coin" -> false "n" -> 197 "x" ->   2 │ 288230376151711744/173688133855974293135356477513031861779904976998460846059186376011869694459901 (≈ 0)
══════════════════════════════════════╪═══════════════════════════════════════════════════════════════════════════════════════════════════════════════════════════════════════════════════════════════════════════
"coin" -> false "n" -> 198 "x" ->   0 │ 144115188075855872/173688133855974293135356477513031861779904976998460846059186376011869694459901 (≈ 0)
══════════════════════════════════════╪═══════════════════════════════════════════════════════════════════════════════════════════════════════════════════════════════════════════════════════════════════════════
"coin" -> false "n" -> 198 "x" ->   1 │ 144115188075855872/173688133855974293135356477513031861779904976998460846059186376011869694459901 (≈ 0)
══════════════════════════════════════╪═══════════════════════════════════════════════════════════════════════════════════════════════════════════════════════════════════════════════════════════════════════════
"coin" -> false "n" -> 198 "x" ->   2 │ 144115188075855872/173688133855974293135356477513031861779904976998460846059186376011869694459901 (≈ 0)
══════════════════════════════════════╪═══════════════════════════════════════════════════════════════════════════════════════════════════════════════════════════════════════════════════════════════════════════
"coin" -> false "n" -> 199 "x" ->   0 │ 72057594037927936/173688133855974293135356477513031861779904976998460846059186376011869694459901 (≈ 0)
══════════════════════════════════════╪═══════════════════════════════════════════════════════════════════════════════════════════════════════════════════════════════════════════════════════════════════════════
"coin" -> false "n" -> 199 "x" ->   1 │ 72057594037927936/173688133855974293135356477513031861779904976998460846059186376011869694459901 (≈ 0)
══════════════════════════════════════╪═══════════════════════════════════════════════════════════════════════════════════════════════════════════════════════════════════════════════════════════════════════════
"coin" -> false "n" -> 199 "x" ->   2 │ 72057594037927936/173688133855974293135356477513031861779904976998460846059186376011869694459901 (≈ 0)
══════════════════════════════════════╪═══════════════════════════════════════════════════════════════════════════════════════════════════════════════════════════════════════════════════════════════════════════
"coin" -> false "n" -> 200 "x" ->   0 │ 36028797018963968/173688133855974293135356477513031861779904976998460846059186376011869694459901 (≈ 0)
══════════════════════════════════════╪═══════════════════════════════════════════════════════════════════════════════════════════════════════════════════════════════════════════════════════════════════════════
"coin" -> false "n" -> 200 "x" ->   1 │ 36028797018963968/173688133855974293135356477513031861779904976998460846059186376011869694459901 (≈ 0)
══════════════════════════════════════╪═══════════════════════════════════════════════════════════════════════════════════════════════════════════════════════════════════════════════════════════════════════════
"coin" -> false "n" -> 200 "x" ->   2 │ 36028797018963968/173688133855974293135356477513031861779904976998460846059186376011869694459901 (≈ 0)
══════════════════════════════════════╪═══════════════════════════════════════════════════════════════════════════════════════════════════════════════════════════════════════════════════════════════════════════
"coin" -> false "n" -> 201 "x" ->   0 │ 18014398509481984/173688133855974293135356477513031861779904976998460846059186376011869694459901 (≈ 0)
══════════════════════════════════════╪═══════════════════════════════════════════════════════════════════════════════════════════════════════════════════════════════════════════════════════════════════════════
"coin" -> false "n" -> 201 "x" ->   1 │ 18014398509481984/173688133855974293135356477513031861779904976998460846059186376011869694459901 (≈ 0)
══════════════════════════════════════╪═══════════════════════════════════════════════════════════════════════════════════════════════════════════════════════════════════════════════════════════════════════════
"coin" -> false "n" -> 201 "x" ->   2 │ 18014398509481984/173688133855974293135356477513031861779904976998460846059186376011869694459901 (≈ 0)
══════════════════════════════════════╪═══════════════════════════════════════════════════════════════════════════════════════════════════════════════════════════════════════════════════════════════════════════
"coin" -> false "n" -> 202 "x" ->   0 │ 9007199254740992/173688133855974293135356477513031861779904976998460846059186376011869694459901 (≈ 0)
══════════════════════════════════════╪═══════════════════════════════════════════════════════════════════════════════════════════════════════════════════════════════════════════════════════════════════════════
"coin" -> false "n" -> 202 "x" ->   1 │ 9007199254740992/173688133855974293135356477513031861779904976998460846059186376011869694459901 (≈ 0)
══════════════════════════════════════╪═══════════════════════════════════════════════════════════════════════════════════════════════════════════════════════════════════════════════════════════════════════════
"coin" -> false "n" -> 202 "x" ->   2 │ 9007199254740992/173688133855974293135356477513031861779904976998460846059186376011869694459901 (≈ 0)
══════════════════════════════════════╪═══════════════════════════════════════════════════════════════════════════════════════════════════════════════════════════════════════════════════════════════════════════
"coin" -> false "n" -> 203 "x" ->   0 │ 4503599627370496/173688133855974293135356477513031861779904976998460846059186376011869694459901 (≈ 0)
══════════════════════════════════════╪═══════════════════════════════════════════════════════════════════════════════════════════════════════════════════════════════════════════════════════════════════════════
"coin" -> false "n" -> 203 "x" ->   1 │ 4503599627370496/173688133855974293135356477513031861779904976998460846059186376011869694459901 (≈ 0)
══════════════════════════════════════╪═══════════════════════════════════════════════════════════════════════════════════════════════════════════════════════════════════════════════════════════════════════════
"coin" -> false "n" -> 203 "x" ->   2 │ 4503599627370496/173688133855974293135356477513031861779904976998460846059186376011869694459901 (≈ 0)
══════════════════════════════════════╪═══════════════════════════════════════════════════════════════════════════════════════════════════════════════════════════════════════════════════════════════════════════
"coin" -> false "n" -> 204 "x" ->   0 │ 2251799813685248/173688133855974293135356477513031861779904976998460846059186376011869694459901 (≈ 0)
══════════════════════════════════════╪═══════════════════════════════════════════════════════════════════════════════════════════════════════════════════════════════════════════════════════════════════════════
"coin" -> false "n" -> 204 "x" ->   1 │ 2251799813685248/173688133855974293135356477513031861779904976998460846059186376011869694459901 (≈ 0)
══════════════════════════════════════╪═══════════════════════════════════════════════════════════════════════════════════════════════════════════════════════════════════════════════════════════════════════════
"coin" -> false "n" -> 204 "x" ->   2 │ 2251799813685248/173688133855974293135356477513031861779904976998460846059186376011869694459901 (≈ 0)
══════════════════════════════════════╪═══════════════════════════════════════════════════════════════════════════════════════════════════════════════════════════════════════════════════════════════════════════
"coin" -> false "n" -> 205 "x" ->   0 │ 1125899906842624/173688133855974293135356477513031861779904976998460846059186376011869694459901 (≈ 0)
══════════════════════════════════════╪═══════════════════════════════════════════════════════════════════════════════════════════════════════════════════════════════════════════════════════════════════════════
"coin" -> false "n" -> 205 "x" ->   1 │ 1125899906842624/173688133855974293135356477513031861779904976998460846059186376011869694459901 (≈ 0)
══════════════════════════════════════╪═══════════════════════════════════════════════════════════════════════════════════════════════════════════════════════════════════════════════════════════════════════════
"coin" -> false "n" -> 205 "x" ->   2 │ 1125899906842624/173688133855974293135356477513031861779904976998460846059186376011869694459901 (≈ 0)
══════════════════════════════════════╪═══════════════════════════════════════════════════════════════════════════════════════════════════════════════════════════════════════════════════════════════════════════
"coin" -> false "n" -> 206 "x" ->   0 │ 562949953421312/173688133855974293135356477513031861779904976998460846059186376011869694459901 (≈ 0)
══════════════════════════════════════╪═══════════════════════════════════════════════════════════════════════════════════════════════════════════════════════════════════════════════════════════════════════════
"coin" -> false "n" -> 206 "x" ->   1 │ 562949953421312/173688133855974293135356477513031861779904976998460846059186376011869694459901 (≈ 0)
══════════════════════════════════════╪═══════════════════════════════════════════════════════════════════════════════════════════════════════════════════════════════════════════════════════════════════════════
"coin" -> false "n" -> 206 "x" ->   2 │ 562949953421312/173688133855974293135356477513031861779904976998460846059186376011869694459901 (≈ 0)
══════════════════════════════════════╪═══════════════════════════════════════════════════════════════════════════════════════════════════════════════════════════════════════════════════════════════════════════
"coin" -> false "n" -> 207 "x" ->   0 │ 281474976710656/173688133855974293135356477513031861779904976998460846059186376011869694459901 (≈ 0)
══════════════════════════════════════╪═══════════════════════════════════════════════════════════════════════════════════════════════════════════════════════════════════════════════════════════════════════════
"coin" -> false "n" -> 207 "x" ->   1 │ 281474976710656/173688133855974293135356477513031861779904976998460846059186376011869694459901 (≈ 0)
══════════════════════════════════════╪═══════════════════════════════════════════════════════════════════════════════════════════════════════════════════════════════════════════════════════════════════════════
"coin" -> false "n" -> 207 "x" ->   2 │ 281474976710656/173688133855974293135356477513031861779904976998460846059186376011869694459901 (≈ 0)
══════════════════════════════════════╪═══════════════════════════════════════════════════════════════════════════════════════════════════════════════════════════════════════════════════════════════════════════
"coin" -> false "n" -> 208 "x" ->   0 │ 140737488355328/173688133855974293135356477513031861779904976998460846059186376011869694459901 (≈ 0)
══════════════════════════════════════╪═══════════════════════════════════════════════════════════════════════════════════════════════════════════════════════════════════════════════════════════════════════════
"coin" -> false "n" -> 208 "x" ->   1 │ 140737488355328/173688133855974293135356477513031861779904976998460846059186376011869694459901 (≈ 0)
══════════════════════════════════════╪═══════════════════════════════════════════════════════════════════════════════════════════════════════════════════════════════════════════════════════════════════════════
"coin" -> false "n" -> 208 "x" ->   2 │ 140737488355328/173688133855974293135356477513031861779904976998460846059186376011869694459901 (≈ 0)
══════════════════════════════════════╪═══════════════════════════════════════════════════════════════════════════════════════════════════════════════════════════════════════════════════════════════════════════
"coin" -> false "n" -> 209 "x" ->   0 │ 70368744177664/173688133855974293135356477513031861779904976998460846059186376011869694459901 (≈ 0)
══════════════════════════════════════╪═══════════════════════════════════════════════════════════════════════════════════════════════════════════════════════════════════════════════════════════════════════════
"coin" -> false "n" -> 209 "x" ->   1 │ 70368744177664/173688133855974293135356477513031861779904976998460846059186376011869694459901 (≈ 0)
══════════════════════════════════════╪═══════════════════════════════════════════════════════════════════════════════════════════════════════════════════════════════════════════════════════════════════════════
"coin" -> false "n" -> 209 "x" ->   2 │ 70368744177664/173688133855974293135356477513031861779904976998460846059186376011869694459901 (≈ 0)
══════════════════════════════════════╪═══════════════════════════════════════════════════════════════════════════════════════════════════════════════════════════════════════════════════════════════════════════
"coin" -> false "n" -> 210 "x" ->   0 │ 35184372088832/173688133855974293135356477513031861779904976998460846059186376011869694459901 (≈ 0)
══════════════════════════════════════╪═══════════════════════════════════════════════════════════════════════════════════════════════════════════════════════════════════════════════════════════════════════════
"coin" -> false "n" -> 210 "x" ->   1 │ 35184372088832/173688133855974293135356477513031861779904976998460846059186376011869694459901 (≈ 0)
══════════════════════════════════════╪═══════════════════════════════════════════════════════════════════════════════════════════════════════════════════════════════════════════════════════════════════════════
"coin" -> false "n" -> 210 "x" ->   2 │ 35184372088832/173688133855974293135356477513031861779904976998460846059186376011869694459901 (≈ 0)
══════════════════════════════════════╪═══════════════════════════════════════════════════════════════════════════════════════════════════════════════════════════════════════════════════════════════════════════
"coin" -> false "n" -> 211 "x" ->   0 │ 17592186044416/173688133855974293135356477513031861779904976998460846059186376011869694459901 (≈ 0)
══════════════════════════════════════╪═══════════════════════════════════════════════════════════════════════════════════════════════════════════════════════════════════════════════════════════════════════════
"coin" -> false "n" -> 211 "x" ->   1 │ 17592186044416/173688133855974293135356477513031861779904976998460846059186376011869694459901 (≈ 0)
══════════════════════════════════════╪═══════════════════════════════════════════════════════════════════════════════════════════════════════════════════════════════════════════════════════════════════════════
"coin" -> false "n" -> 211 "x" ->   2 │ 17592186044416/173688133855974293135356477513031861779904976998460846059186376011869694459901 (≈ 0)
══════════════════════════════════════╪═══════════════════════════════════════════════════════════════════════════════════════════════════════════════════════════════════════════════════════════════════════════
"coin" -> false "n" -> 212 "x" ->   0 │ 8796093022208/173688133855974293135356477513031861779904976998460846059186376011869694459901 (≈ 0)
══════════════════════════════════════╪═══════════════════════════════════════════════════════════════════════════════════════════════════════════════════════════════════════════════════════════════════════════
"coin" -> false "n" -> 212 "x" ->   1 │ 8796093022208/173688133855974293135356477513031861779904976998460846059186376011869694459901 (≈ 0)
══════════════════════════════════════╪═══════════════════════════════════════════════════════════════════════════════════════════════════════════════════════════════════════════════════════════════════════════
"coin" -> false "n" -> 212 "x" ->   2 │ 8796093022208/173688133855974293135356477513031861779904976998460846059186376011869694459901 (≈ 0)
══════════════════════════════════════╪═══════════════════════════════════════════════════════════════════════════════════════════════════════════════════════════════════════════════════════════════════════════
"coin" -> false "n" -> 213 "x" ->   0 │ 4398046511104/173688133855974293135356477513031861779904976998460846059186376011869694459901 (≈ 0)
══════════════════════════════════════╪═══════════════════════════════════════════════════════════════════════════════════════════════════════════════════════════════════════════════════════════════════════════
"coin" -> false "n" -> 213 "x" ->   1 │ 4398046511104/173688133855974293135356477513031861779904976998460846059186376011869694459901 (≈ 0)
══════════════════════════════════════╪═══════════════════════════════════════════════════════════════════════════════════════════════════════════════════════════════════════════════════════════════════════════
"coin" -> false "n" -> 213 "x" ->   2 │ 4398046511104/173688133855974293135356477513031861779904976998460846059186376011869694459901 (≈ 0)
══════════════════════════════════════╪═══════════════════════════════════════════════════════════════════════════════════════════════════════════════════════════════════════════════════════════════════════════
"coin" -> false "n" -> 214 "x" ->   0 │ 2199023255552/173688133855974293135356477513031861779904976998460846059186376011869694459901 (≈ 0)
══════════════════════════════════════╪═══════════════════════════════════════════════════════════════════════════════════════════════════════════════════════════════════════════════════════════════════════════
"coin" -> false "n" -> 214 "x" ->   1 │ 2199023255552/173688133855974293135356477513031861779904976998460846059186376011869694459901 (≈ 0)
══════════════════════════════════════╪═══════════════════════════════════════════════════════════════════════════════════════════════════════════════════════════════════════════════════════════════════════════
"coin" -> false "n" -> 214 "x" ->   2 │ 2199023255552/173688133855974293135356477513031861779904976998460846059186376011869694459901 (≈ 0)
══════════════════════════════════════╪═══════════════════════════════════════════════════════════════════════════════════════════════════════════════════════════════════════════════════════════════════════════
"coin" -> false "n" -> 215 "x" ->   0 │ 1099511627776/173688133855974293135356477513031861779904976998460846059186376011869694459901 (≈ 0)
══════════════════════════════════════╪═══════════════════════════════════════════════════════════════════════════════════════════════════════════════════════════════════════════════════════════════════════════
"coin" -> false "n" -> 215 "x" ->   1 │ 1099511627776/173688133855974293135356477513031861779904976998460846059186376011869694459901 (≈ 0)
══════════════════════════════════════╪═══════════════════════════════════════════════════════════════════════════════════════════════════════════════════════════════════════════════════════════════════════════
"coin" -> false "n" -> 215 "x" ->   2 │ 1099511627776/173688133855974293135356477513031861779904976998460846059186376011869694459901 (≈ 0)
══════════════════════════════════════╪═══════════════════════════════════════════════════════════════════════════════════════════════════════════════════════════════════════════════════════════════════════════
"coin" -> false "n" -> 216 "x" ->   0 │ 549755813888/173688133855974293135356477513031861779904976998460846059186376011869694459901 (≈ 0)
══════════════════════════════════════╪═══════════════════════════════════════════════════════════════════════════════════════════════════════════════════════════════════════════════════════════════════════════
"coin" -> false "n" -> 216 "x" ->   1 │ 549755813888/173688133855974293135356477513031861779904976998460846059186376011869694459901 (≈ 0)
══════════════════════════════════════╪═══════════════════════════════════════════════════════════════════════════════════════════════════════════════════════════════════════════════════════════════════════════
"coin" -> false "n" -> 216 "x" ->   2 │ 549755813888/173688133855974293135356477513031861779904976998460846059186376011869694459901 (≈ 0)
══════════════════════════════════════╪═══════════════════════════════════════════════════════════════════════════════════════════════════════════════════════════════════════════════════════════════════════════
"coin" -> false "n" -> 217 "x" ->   0 │ 274877906944/173688133855974293135356477513031861779904976998460846059186376011869694459901 (≈ 0)
══════════════════════════════════════╪═══════════════════════════════════════════════════════════════════════════════════════════════════════════════════════════════════════════════════════════════════════════
"coin" -> false "n" -> 217 "x" ->   1 │ 274877906944/173688133855974293135356477513031861779904976998460846059186376011869694459901 (≈ 0)
══════════════════════════════════════╪═══════════════════════════════════════════════════════════════════════════════════════════════════════════════════════════════════════════════════════════════════════════
"coin" -> false "n" -> 217 "x" ->   2 │ 274877906944/173688133855974293135356477513031861779904976998460846059186376011869694459901 (≈ 0)
══════════════════════════════════════╪═══════════════════════════════════════════════════════════════════════════════════════════════════════════════════════════════════════════════════════════════════════════
"coin" -> false "n" -> 218 "x" ->   0 │ 137438953472/173688133855974293135356477513031861779904976998460846059186376011869694459901 (≈ 0)
══════════════════════════════════════╪═══════════════════════════════════════════════════════════════════════════════════════════════════════════════════════════════════════════════════════════════════════════
"coin" -> false "n" -> 218 "x" ->   1 │ 137438953472/173688133855974293135356477513031861779904976998460846059186376011869694459901 (≈ 0)
══════════════════════════════════════╪═══════════════════════════════════════════════════════════════════════════════════════════════════════════════════════════════════════════════════════════════════════════
"coin" -> false "n" -> 218 "x" ->   2 │ 137438953472/173688133855974293135356477513031861779904976998460846059186376011869694459901 (≈ 0)
══════════════════════════════════════╪═══════════════════════════════════════════════════════════════════════════════════════════════════════════════════════════════════════════════════════════════════════════
"coin" -> false "n" -> 219 "x" ->   0 │ 68719476736/173688133855974293135356477513031861779904976998460846059186376011869694459901 (≈ 0)
══════════════════════════════════════╪═══════════════════════════════════════════════════════════════════════════════════════════════════════════════════════════════════════════════════════════════════════════
"coin" -> false "n" -> 219 "x" ->   1 │ 68719476736/173688133855974293135356477513031861779904976998460846059186376011869694459901 (≈ 0)
══════════════════════════════════════╪═══════════════════════════════════════════════════════════════════════════════════════════════════════════════════════════════════════════════════════════════════════════
"coin" -> false "n" -> 219 "x" ->   2 │ 68719476736/173688133855974293135356477513031861779904976998460846059186376011869694459901 (≈ 0)
══════════════════════════════════════╪═══════════════════════════════════════════════════════════════════════════════════════════════════════════════════════════════════════════════════════════════════════════
"coin" -> false "n" -> 220 "x" ->   0 │ 34359738368/173688133855974293135356477513031861779904976998460846059186376011869694459901 (≈ 0)
══════════════════════════════════════╪═══════════════════════════════════════════════════════════════════════════════════════════════════════════════════════════════════════════════════════════════════════════
"coin" -> false "n" -> 220 "x" ->   1 │ 34359738368/173688133855974293135356477513031861779904976998460846059186376011869694459901 (≈ 0)
══════════════════════════════════════╪═══════════════════════════════════════════════════════════════════════════════════════════════════════════════════════════════════════════════════════════════════════════
"coin" -> false "n" -> 220 "x" ->   2 │ 34359738368/173688133855974293135356477513031861779904976998460846059186376011869694459901 (≈ 0)
══════════════════════════════════════╪═══════════════════════════════════════════════════════════════════════════════════════════════════════════════════════════════════════════════════════════════════════════
"coin" -> false "n" -> 221 "x" ->   0 │ 17179869184/173688133855974293135356477513031861779904976998460846059186376011869694459901 (≈ 0)
══════════════════════════════════════╪═══════════════════════════════════════════════════════════════════════════════════════════════════════════════════════════════════════════════════════════════════════════
"coin" -> false "n" -> 221 "x" ->   1 │ 17179869184/173688133855974293135356477513031861779904976998460846059186376011869694459901 (≈ 0)
══════════════════════════════════════╪═══════════════════════════════════════════════════════════════════════════════════════════════════════════════════════════════════════════════════════════════════════════
"coin" -> false "n" -> 221 "x" ->   2 │ 17179869184/173688133855974293135356477513031861779904976998460846059186376011869694459901 (≈ 0)
══════════════════════════════════════╪═══════════════════════════════════════════════════════════════════════════════════════════════════════════════════════════════════════════════════════════════════════════
"coin" -> false "n" -> 222 "x" ->   0 │ 8589934592/173688133855974293135356477513031861779904976998460846059186376011869694459901 (≈ 0)
══════════════════════════════════════╪═══════════════════════════════════════════════════════════════════════════════════════════════════════════════════════════════════════════════════════════════════════════
"coin" -> false "n" -> 222 "x" ->   1 │ 8589934592/173688133855974293135356477513031861779904976998460846059186376011869694459901 (≈ 0)
══════════════════════════════════════╪═══════════════════════════════════════════════════════════════════════════════════════════════════════════════════════════════════════════════════════════════════════════
"coin" -> false "n" -> 222 "x" ->   2 │ 8589934592/173688133855974293135356477513031861779904976998460846059186376011869694459901 (≈ 0)
══════════════════════════════════════╪═══════════════════════════════════════════════════════════════════════════════════════════════════════════════════════════════════════════════════════════════════════════
"coin" -> false "n" -> 223 "x" ->   0 │ 4294967296/173688133855974293135356477513031861779904976998460846059186376011869694459901 (≈ 0)
══════════════════════════════════════╪═══════════════════════════════════════════════════════════════════════════════════════════════════════════════════════════════════════════════════════════════════════════
"coin" -> false "n" -> 223 "x" ->   1 │ 4294967296/173688133855974293135356477513031861779904976998460846059186376011869694459901 (≈ 0)
══════════════════════════════════════╪═══════════════════════════════════════════════════════════════════════════════════════════════════════════════════════════════════════════════════════════════════════════
"coin" -> false "n" -> 223 "x" ->   2 │ 4294967296/173688133855974293135356477513031861779904976998460846059186376011869694459901 (≈ 0)
══════════════════════════════════════╪═══════════════════════════════════════════════════════════════════════════════════════════════════════════════════════════════════════════════════════════════════════════
"coin" -> false "n" -> 224 "x" ->   0 │ 2147483648/173688133855974293135356477513031861779904976998460846059186376011869694459901 (≈ 0)
══════════════════════════════════════╪═══════════════════════════════════════════════════════════════════════════════════════════════════════════════════════════════════════════════════════════════════════════
"coin" -> false "n" -> 224 "x" ->   1 │ 2147483648/173688133855974293135356477513031861779904976998460846059186376011869694459901 (≈ 0)
══════════════════════════════════════╪═══════════════════════════════════════════════════════════════════════════════════════════════════════════════════════════════════════════════════════════════════════════
"coin" -> false "n" -> 224 "x" ->   2 │ 2147483648/173688133855974293135356477513031861779904976998460846059186376011869694459901 (≈ 0)
══════════════════════════════════════╪═══════════════════════════════════════════════════════════════════════════════════════════════════════════════════════════════════════════════════════════════════════════
"coin" -> false "n" -> 225 "x" ->   0 │ 1073741824/173688133855974293135356477513031861779904976998460846059186376011869694459901 (≈ 0)
══════════════════════════════════════╪═══════════════════════════════════════════════════════════════════════════════════════════════════════════════════════════════════════════════════════════════════════════
"coin" -> false "n" -> 225 "x" ->   1 │ 1073741824/173688133855974293135356477513031861779904976998460846059186376011869694459901 (≈ 0)
══════════════════════════════════════╪═══════════════════════════════════════════════════════════════════════════════════════════════════════════════════════════════════════════════════════════════════════════
"coin" -> false "n" -> 225 "x" ->   2 │ 1073741824/173688133855974293135356477513031861779904976998460846059186376011869694459901 (≈ 0)
══════════════════════════════════════╪═══════════════════════════════════════════════════════════════════════════════════════════════════════════════════════════════════════════════════════════════════════════
"coin" -> false "n" -> 226 "x" ->   0 │ 536870912/173688133855974293135356477513031861779904976998460846059186376011869694459901 (≈ 0)
══════════════════════════════════════╪═══════════════════════════════════════════════════════════════════════════════════════════════════════════════════════════════════════════════════════════════════════════
"coin" -> false "n" -> 226 "x" ->   1 │ 536870912/173688133855974293135356477513031861779904976998460846059186376011869694459901 (≈ 0)
══════════════════════════════════════╪═══════════════════════════════════════════════════════════════════════════════════════════════════════════════════════════════════════════════════════════════════════════
"coin" -> false "n" -> 226 "x" ->   2 │ 536870912/173688133855974293135356477513031861779904976998460846059186376011869694459901 (≈ 0)
══════════════════════════════════════╪═══════════════════════════════════════════════════════════════════════════════════════════════════════════════════════════════════════════════════════════════════════════
"coin" -> false "n" -> 227 "x" ->   0 │ 268435456/173688133855974293135356477513031861779904976998460846059186376011869694459901 (≈ 0)
══════════════════════════════════════╪═══════════════════════════════════════════════════════════════════════════════════════════════════════════════════════════════════════════════════════════════════════════
"coin" -> false "n" -> 227 "x" ->   1 │ 268435456/173688133855974293135356477513031861779904976998460846059186376011869694459901 (≈ 0)
══════════════════════════════════════╪═══════════════════════════════════════════════════════════════════════════════════════════════════════════════════════════════════════════════════════════════════════════
"coin" -> false "n" -> 227 "x" ->   2 │ 268435456/173688133855974293135356477513031861779904976998460846059186376011869694459901 (≈ 0)
══════════════════════════════════════╪═══════════════════════════════════════════════════════════════════════════════════════════════════════════════════════════════════════════════════════════════════════════
"coin" -> false "n" -> 228 "x" ->   0 │ 134217728/173688133855974293135356477513031861779904976998460846059186376011869694459901 (≈ 0)
══════════════════════════════════════╪═══════════════════════════════════════════════════════════════════════════════════════════════════════════════════════════════════════════════════════════════════════════
"coin" -> false "n" -> 228 "x" ->   1 │ 134217728/173688133855974293135356477513031861779904976998460846059186376011869694459901 (≈ 0)
══════════════════════════════════════╪═══════════════════════════════════════════════════════════════════════════════════════════════════════════════════════════════════════════════════════════════════════════
"coin" -> false "n" -> 228 "x" ->   2 │ 134217728/173688133855974293135356477513031861779904976998460846059186376011869694459901 (≈ 0)
══════════════════════════════════════╪═══════════════════════════════════════════════════════════════════════════════════════════════════════════════════════════════════════════════════════════════════════════
"coin" -> false "n" -> 229 "x" ->   0 │ 67108864/173688133855974293135356477513031861779904976998460846059186376011869694459901 (≈ 0)
══════════════════════════════════════╪═══════════════════════════════════════════════════════════════════════════════════════════════════════════════════════════════════════════════════════════════════════════
"coin" -> false "n" -> 229 "x" ->   1 │ 67108864/173688133855974293135356477513031861779904976998460846059186376011869694459901 (≈ 0)
══════════════════════════════════════╪═══════════════════════════════════════════════════════════════════════════════════════════════════════════════════════════════════════════════════════════════════════════
"coin" -> false "n" -> 229 "x" ->   2 │ 67108864/173688133855974293135356477513031861779904976998460846059186376011869694459901 (≈ 0)
══════════════════════════════════════╪═══════════════════════════════════════════════════════════════════════════════════════════════════════════════════════════════════════════════════════════════════════════
"coin" -> false "n" -> 230 "x" ->   0 │ 33554432/173688133855974293135356477513031861779904976998460846059186376011869694459901 (≈ 0)
══════════════════════════════════════╪═══════════════════════════════════════════════════════════════════════════════════════════════════════════════════════════════════════════════════════════════════════════
"coin" -> false "n" -> 230 "x" ->   1 │ 33554432/173688133855974293135356477513031861779904976998460846059186376011869694459901 (≈ 0)
══════════════════════════════════════╪═══════════════════════════════════════════════════════════════════════════════════════════════════════════════════════════════════════════════════════════════════════════
"coin" -> false "n" -> 230 "x" ->   2 │ 33554432/173688133855974293135356477513031861779904976998460846059186376011869694459901 (≈ 0)
══════════════════════════════════════╪═══════════════════════════════════════════════════════════════════════════════════════════════════════════════════════════════════════════════════════════════════════════
"coin" -> false "n" -> 231 "x" ->   0 │ 16777216/173688133855974293135356477513031861779904976998460846059186376011869694459901 (≈ 0)
══════════════════════════════════════╪═══════════════════════════════════════════════════════════════════════════════════════════════════════════════════════════════════════════════════════════════════════════
"coin" -> false "n" -> 231 "x" ->   1 │ 16777216/173688133855974293135356477513031861779904976998460846059186376011869694459901 (≈ 0)
══════════════════════════════════════╪═══════════════════════════════════════════════════════════════════════════════════════════════════════════════════════════════════════════════════════════════════════════
"coin" -> false "n" -> 231 "x" ->   2 │ 16777216/173688133855974293135356477513031861779904976998460846059186376011869694459901 (≈ 0)
══════════════════════════════════════╪═══════════════════════════════════════════════════════════════════════════════════════════════════════════════════════════════════════════════════════════════════════════
"coin" -> false "n" -> 232 "x" ->   0 │ 8388608/173688133855974293135356477513031861779904976998460846059186376011869694459901 (≈ 0)
══════════════════════════════════════╪═══════════════════════════════════════════════════════════════════════════════════════════════════════════════════════════════════════════════════════════════════════════
"coin" -> false "n" -> 232 "x" ->   1 │ 8388608/173688133855974293135356477513031861779904976998460846059186376011869694459901 (≈ 0)
══════════════════════════════════════╪═══════════════════════════════════════════════════════════════════════════════════════════════════════════════════════════════════════════════════════════════════════════
"coin" -> false "n" -> 232 "x" ->   2 │ 8388608/173688133855974293135356477513031861779904976998460846059186376011869694459901 (≈ 0)
══════════════════════════════════════╪═══════════════════════════════════════════════════════════════════════════════════════════════════════════════════════════════════════════════════════════════════════════
"coin" -> false "n" -> 233 "x" ->   0 │ 4194304/173688133855974293135356477513031861779904976998460846059186376011869694459901 (≈ 0)
══════════════════════════════════════╪═══════════════════════════════════════════════════════════════════════════════════════════════════════════════════════════════════════════════════════════════════════════
"coin" -> false "n" -> 233 "x" ->   1 │ 4194304/173688133855974293135356477513031861779904976998460846059186376011869694459901 (≈ 0)
══════════════════════════════════════╪═══════════════════════════════════════════════════════════════════════════════════════════════════════════════════════════════════════════════════════════════════════════
"coin" -> false "n" -> 233 "x" ->   2 │ 4194304/173688133855974293135356477513031861779904976998460846059186376011869694459901 (≈ 0)
══════════════════════════════════════╪═══════════════════════════════════════════════════════════════════════════════════════════════════════════════════════════════════════════════════════════════════════════
"coin" -> false "n" -> 234 "x" ->   0 │ 2097152/173688133855974293135356477513031861779904976998460846059186376011869694459901 (≈ 0)
══════════════════════════════════════╪═══════════════════════════════════════════════════════════════════════════════════════════════════════════════════════════════════════════════════════════════════════════
"coin" -> false "n" -> 234 "x" ->   1 │ 2097152/173688133855974293135356477513031861779904976998460846059186376011869694459901 (≈ 0)
══════════════════════════════════════╪═══════════════════════════════════════════════════════════════════════════════════════════════════════════════════════════════════════════════════════════════════════════
"coin" -> false "n" -> 234 "x" ->   2 │ 2097152/173688133855974293135356477513031861779904976998460846059186376011869694459901 (≈ 0)
══════════════════════════════════════╪═══════════════════════════════════════════════════════════════════════════════════════════════════════════════════════════════════════════════════════════════════════════
"coin" -> false "n" -> 235 "x" ->   0 │ 1048576/173688133855974293135356477513031861779904976998460846059186376011869694459901 (≈ 0)
══════════════════════════════════════╪═══════════════════════════════════════════════════════════════════════════════════════════════════════════════════════════════════════════════════════════════════════════
"coin" -> false "n" -> 235 "x" ->   1 │ 1048576/173688133855974293135356477513031861779904976998460846059186376011869694459901 (≈ 0)
══════════════════════════════════════╪═══════════════════════════════════════════════════════════════════════════════════════════════════════════════════════════════════════════════════════════════════════════
"coin" -> false "n" -> 235 "x" ->   2 │ 1048576/173688133855974293135356477513031861779904976998460846059186376011869694459901 (≈ 0)
══════════════════════════════════════╪═══════════════════════════════════════════════════════════════════════════════════════════════════════════════════════════════════════════════════════════════════════════
"coin" -> false "n" -> 236 "x" ->   0 │ 524288/173688133855974293135356477513031861779904976998460846059186376011869694459901 (≈ 0)
══════════════════════════════════════╪═══════════════════════════════════════════════════════════════════════════════════════════════════════════════════════════════════════════════════════════════════════════
"coin" -> false "n" -> 236 "x" ->   1 │ 524288/173688133855974293135356477513031861779904976998460846059186376011869694459901 (≈ 0)
══════════════════════════════════════╪═══════════════════════════════════════════════════════════════════════════════════════════════════════════════════════════════════════════════════════════════════════════
"coin" -> false "n" -> 236 "x" ->   2 │ 524288/173688133855974293135356477513031861779904976998460846059186376011869694459901 (≈ 0)
══════════════════════════════════════╪═══════════════════════════════════════════════════════════════════════════════════════════════════════════════════════════════════════════════════════════════════════════
"coin" -> false "n" -> 237 "x" ->   0 │ 262144/173688133855974293135356477513031861779904976998460846059186376011869694459901 (≈ 0)
══════════════════════════════════════╪═══════════════════════════════════════════════════════════════════════════════════════════════════════════════════════════════════════════════════════════════════════════
"coin" -> false "n" -> 237 "x" ->   1 │ 262144/173688133855974293135356477513031861779904976998460846059186376011869694459901 (≈ 0)
══════════════════════════════════════╪═══════════════════════════════════════════════════════════════════════════════════════════════════════════════════════════════════════════════════════════════════════════
"coin" -> false "n" -> 237 "x" ->   2 │ 262144/173688133855974293135356477513031861779904976998460846059186376011869694459901 (≈ 0)
══════════════════════════════════════╪═══════════════════════════════════════════════════════════════════════════════════════════════════════════════════════════════════════════════════════════════════════════
"coin" -> false "n" -> 238 "x" ->   0 │ 131072/173688133855974293135356477513031861779904976998460846059186376011869694459901 (≈ 0)
══════════════════════════════════════╪═══════════════════════════════════════════════════════════════════════════════════════════════════════════════════════════════════════════════════════════════════════════
"coin" -> false "n" -> 238 "x" ->   1 │ 131072/173688133855974293135356477513031861779904976998460846059186376011869694459901 (≈ 0)
══════════════════════════════════════╪═══════════════════════════════════════════════════════════════════════════════════════════════════════════════════════════════════════════════════════════════════════════
"coin" -> false "n" -> 238 "x" ->   2 │ 131072/173688133855974293135356477513031861779904976998460846059186376011869694459901 (≈ 0)
══════════════════════════════════════╪═══════════════════════════════════════════════════════════════════════════════════════════════════════════════════════════════════════════════════════════════════════════
"coin" -> false "n" -> 239 "x" ->   0 │ 65536/173688133855974293135356477513031861779904976998460846059186376011869694459901 (≈ 0)
══════════════════════════════════════╪═══════════════════════════════════════════════════════════════════════════════════════════════════════════════════════════════════════════════════════════════════════════
"coin" -> false "n" -> 239 "x" ->   1 │ 65536/173688133855974293135356477513031861779904976998460846059186376011869694459901 (≈ 0)
══════════════════════════════════════╪═══════════════════════════════════════════════════════════════════════════════════════════════════════════════════════════════════════════════════════════════════════════
"coin" -> false "n" -> 239 "x" ->   2 │ 65536/173688133855974293135356477513031861779904976998460846059186376011869694459901 (≈ 0)
══════════════════════════════════════╪═══════════════════════════════════════════════════════════════════════════════════════════════════════════════════════════════════════════════════════════════════════════
"coin" -> false "n" -> 240 "x" ->   0 │ 32768/173688133855974293135356477513031861779904976998460846059186376011869694459901 (≈ 0)
══════════════════════════════════════╪═══════════════════════════════════════════════════════════════════════════════════════════════════════════════════════════════════════════════════════════════════════════
"coin" -> false "n" -> 240 "x" ->   1 │ 32768/173688133855974293135356477513031861779904976998460846059186376011869694459901 (≈ 0)
══════════════════════════════════════╪═══════════════════════════════════════════════════════════════════════════════════════════════════════════════════════════════════════════════════════════════════════════
"coin" -> false "n" -> 240 "x" ->   2 │ 32768/173688133855974293135356477513031861779904976998460846059186376011869694459901 (≈ 0)
══════════════════════════════════════╪═══════════════════════════════════════════════════════════════════════════════════════════════════════════════════════════════════════════════════════════════════════════
"coin" -> false "n" -> 241 "x" ->   0 │ 16384/173688133855974293135356477513031861779904976998460846059186376011869694459901 (≈ 0)
══════════════════════════════════════╪═══════════════════════════════════════════════════════════════════════════════════════════════════════════════════════════════════════════════════════════════════════════
"coin" -> false "n" -> 241 "x" ->   1 │ 16384/173688133855974293135356477513031861779904976998460846059186376011869694459901 (≈ 0)
══════════════════════════════════════╪═══════════════════════════════════════════════════════════════════════════════════════════════════════════════════════════════════════════════════════════════════════════
"coin" -> false "n" -> 241 "x" ->   2 │ 16384/173688133855974293135356477513031861779904976998460846059186376011869694459901 (≈ 0)
══════════════════════════════════════╪═══════════════════════════════════════════════════════════════════════════════════════════════════════════════════════════════════════════════════════════════════════════
"coin" -> false "n" -> 242 "x" ->   0 │ 8192/173688133855974293135356477513031861779904976998460846059186376011869694459901 (≈ 0)
══════════════════════════════════════╪═══════════════════════════════════════════════════════════════════════════════════════════════════════════════════════════════════════════════════════════════════════════
"coin" -> false "n" -> 242 "x" ->   1 │ 8192/173688133855974293135356477513031861779904976998460846059186376011869694459901 (≈ 0)
══════════════════════════════════════╪═══════════════════════════════════════════════════════════════════════════════════════════════════════════════════════════════════════════════════════════════════════════
"coin" -> false "n" -> 242 "x" ->   2 │ 8192/173688133855974293135356477513031861779904976998460846059186376011869694459901 (≈ 0)
══════════════════════════════════════╪═══════════════════════════════════════════════════════════════════════════════════════════════════════════════════════════════════════════════════════════════════════════
"coin" -> false "n" -> 243 "x" ->   0 │ 4096/173688133855974293135356477513031861779904976998460846059186376011869694459901 (≈ 0)
══════════════════════════════════════╪═══════════════════════════════════════════════════════════════════════════════════════════════════════════════════════════════════════════════════════════════════════════
"coin" -> false "n" -> 243 "x" ->   1 │ 4096/173688133855974293135356477513031861779904976998460846059186376011869694459901 (≈ 0)
══════════════════════════════════════╪═══════════════════════════════════════════════════════════════════════════════════════════════════════════════════════════════════════════════════════════════════════════
"coin" -> false "n" -> 243 "x" ->   2 │ 4096/173688133855974293135356477513031861779904976998460846059186376011869694459901 (≈ 0)
══════════════════════════════════════╪═══════════════════════════════════════════════════════════════════════════════════════════════════════════════════════════════════════════════════════════════════════════
"coin" -> false "n" -> 244 "x" ->   0 │ 2048/173688133855974293135356477513031861779904976998460846059186376011869694459901 (≈ 0)
══════════════════════════════════════╪═══════════════════════════════════════════════════════════════════════════════════════════════════════════════════════════════════════════════════════════════════════════
"coin" -> false "n" -> 244 "x" ->   1 │ 2048/173688133855974293135356477513031861779904976998460846059186376011869694459901 (≈ 0)
══════════════════════════════════════╪═══════════════════════════════════════════════════════════════════════════════════════════════════════════════════════════════════════════════════════════════════════════
"coin" -> false "n" -> 244 "x" ->   2 │ 2048/173688133855974293135356477513031861779904976998460846059186376011869694459901 (≈ 0)
══════════════════════════════════════╪═══════════════════════════════════════════════════════════════════════════════════════════════════════════════════════════════════════════════════════════════════════════
"coin" -> false "n" -> 245 "x" ->   0 │ 1024/173688133855974293135356477513031861779904976998460846059186376011869694459901 (≈ 0)
══════════════════════════════════════╪═══════════════════════════════════════════════════════════════════════════════════════════════════════════════════════════════════════════════════════════════════════════
"coin" -> false "n" -> 245 "x" ->   1 │ 1024/173688133855974293135356477513031861779904976998460846059186376011869694459901 (≈ 0)
══════════════════════════════════════╪═══════════════════════════════════════════════════════════════════════════════════════════════════════════════════════════════════════════════════════════════════════════
"coin" -> false "n" -> 245 "x" ->   2 │ 1024/173688133855974293135356477513031861779904976998460846059186376011869694459901 (≈ 0)
══════════════════════════════════════╪═══════════════════════════════════════════════════════════════════════════════════════════════════════════════════════════════════════════════════════════════════════════
"coin" -> false "n" -> 246 "x" ->   0 │ 512/173688133855974293135356477513031861779904976998460846059186376011869694459901 (≈ 0)
══════════════════════════════════════╪═══════════════════════════════════════════════════════════════════════════════════════════════════════════════════════════════════════════════════════════════════════════
"coin" -> false "n" -> 246 "x" ->   1 │ 512/173688133855974293135356477513031861779904976998460846059186376011869694459901 (≈ 0)
══════════════════════════════════════╪═══════════════════════════════════════════════════════════════════════════════════════════════════════════════════════════════════════════════════════════════════════════
"coin" -> false "n" -> 246 "x" ->   2 │ 512/173688133855974293135356477513031861779904976998460846059186376011869694459901 (≈ 0)
══════════════════════════════════════╪═══════════════════════════════════════════════════════════════════════════════════════════════════════════════════════════════════════════════════════════════════════════
"coin" -> false "n" -> 247 "x" ->   0 │ 256/173688133855974293135356477513031861779904976998460846059186376011869694459901 (≈ 0)
══════════════════════════════════════╪═══════════════════════════════════════════════════════════════════════════════════════════════════════════════════════════════════════════════════════════════════════════
"coin" -> false "n" -> 247 "x" ->   1 │ 256/173688133855974293135356477513031861779904976998460846059186376011869694459901 (≈ 0)
══════════════════════════════════════╪═══════════════════════════════════════════════════════════════════════════════════════════════════════════════════════════════════════════════════════════════════════════
"coin" -> false "n" -> 247 "x" ->   2 │ 256/173688133855974293135356477513031861779904976998460846059186376011869694459901 (≈ 0)
══════════════════════════════════════╪═══════════════════════════════════════════════════════════════════════════════════════════════════════════════════════════════════════════════════════════════════════════
"coin" -> false "n" -> 248 "x" ->   0 │ 128/173688133855974293135356477513031861779904976998460846059186376011869694459901 (≈ 0)
══════════════════════════════════════╪═══════════════════════════════════════════════════════════════════════════════════════════════════════════════════════════════════════════════════════════════════════════
"coin" -> false "n" -> 248 "x" ->   1 │ 128/173688133855974293135356477513031861779904976998460846059186376011869694459901 (≈ 0)
══════════════════════════════════════╪═══════════════════════════════════════════════════════════════════════════════════════════════════════════════════════════════════════════════════════════════════════════
"coin" -> false "n" -> 248 "x" ->   2 │ 128/173688133855974293135356477513031861779904976998460846059186376011869694459901 (≈ 0)
══════════════════════════════════════╪═══════════════════════════════════════════════════════════════════════════════════════════════════════════════════════════════════════════════════════════════════════════
"coin" -> false "n" -> 249 "x" ->   0 │ 64/173688133855974293135356477513031861779904976998460846059186376011869694459901 (≈ 0)
══════════════════════════════════════╪═══════════════════════════════════════════════════════════════════════════════════════════════════════════════════════════════════════════════════════════════════════════
"coin" -> false "n" -> 249 "x" ->   1 │ 64/173688133855974293135356477513031861779904976998460846059186376011869694459901 (≈ 0)
══════════════════════════════════════╪═══════════════════════════════════════════════════════════════════════════════════════════════════════════════════════════════════════════════════════════════════════════
"coin" -> false "n" -> 249 "x" ->   2 │ 64/173688133855974293135356477513031861779904976998460846059186376011869694459901 (≈ 0)
══════════════════════════════════════╪═══════════════════════════════════════════════════════════════════════════════════════════════════════════════════════════════════════════════════════════════════════════
"coin" -> false "n" -> 250 "x" ->   0 │ 32/173688133855974293135356477513031861779904976998460846059186376011869694459901 (≈ 0)
══════════════════════════════════════╪═══════════════════════════════════════════════════════════════════════════════════════════════════════════════════════════════════════════════════════════════════════════
"coin" -> false "n" -> 250 "x" ->   1 │ 32/173688133855974293135356477513031861779904976998460846059186376011869694459901 (≈ 0)
══════════════════════════════════════╪═══════════════════════════════════════════════════════════════════════════════════════════════════════════════════════════════════════════════════════════════════════════
"coin" -> false "n" -> 250 "x" ->   2 │ 32/173688133855974293135356477513031861779904976998460846059186376011869694459901 (≈ 0)
══════════════════════════════════════╪═══════════════════════════════════════════════════════════════════════════════════════════════════════════════════════════════════════════════════════════════════════════
"coin" -> false "n" -> 251 "x" ->   0 │ 16/173688133855974293135356477513031861779904976998460846059186376011869694459901 (≈ 0)
══════════════════════════════════════╪═══════════════════════════════════════════════════════════════════════════════════════════════════════════════════════════════════════════════════════════════════════════
"coin" -> false "n" -> 251 "x" ->   1 │ 16/173688133855974293135356477513031861779904976998460846059186376011869694459901 (≈ 0)
══════════════════════════════════════╪═══════════════════════════════════════════════════════════════════════════════════════════════════════════════════════════════════════════════════════════════════════════
"coin" -> false "n" -> 251 "x" ->   2 │ 16/173688133855974293135356477513031861779904976998460846059186376011869694459901 (≈ 0)
══════════════════════════════════════╪═══════════════════════════════════════════════════════════════════════════════════════════════════════════════════════════════════════════════════════════════════════════
"coin" -> false "n" -> 252 "x" ->   0 │ 8/173688133855974293135356477513031861779904976998460846059186376011869694459901 (≈ 0)
══════════════════════════════════════╪═══════════════════════════════════════════════════════════════════════════════════════════════════════════════════════════════════════════════════════════════════════════
"coin" -> false "n" -> 252 "x" ->   1 │ 8/173688133855974293135356477513031861779904976998460846059186376011869694459901 (≈ 0)
══════════════════════════════════════╪═══════════════════════════════════════════════════════════════════════════════════════════════════════════════════════════════════════════════════════════════════════════
"coin" -> false "n" -> 252 "x" ->   2 │ 8/173688133855974293135356477513031861779904976998460846059186376011869694459901 (≈ 0)
══════════════════════════════════════╪═══════════════════════════════════════════════════════════════════════════════════════════════════════════════════════════════════════════════════════════════════════════
"coin" -> false "n" -> 253 "x" ->   0 │ 4/173688133855974293135356477513031861779904976998460846059186376011869694459901 (≈ 0)
══════════════════════════════════════╪═══════════════════════════════════════════════════════════════════════════════════════════════════════════════════════════════════════════════════════════════════════════
"coin" -> false "n" -> 253 "x" ->   1 │ 4/173688133855974293135356477513031861779904976998460846059186376011869694459901 (≈ 0)
══════════════════════════════════════╪═══════════════════════════════════════════════════════════════════════════════════════════════════════════════════════════════════════════════════════════════════════════
"coin" -> false "n" -> 253 "x" ->   2 │ 4/173688133855974293135356477513031861779904976998460846059186376011869694459901 (≈ 0)
══════════════════════════════════════╪═══════════════════════════════════════════════════════════════════════════════════════════════════════════════════════════════════════════════════════════════════════════
"coin" -> false "n" -> 254 "x" ->   0 │ 2/173688133855974293135356477513031861779904976998460846059186376011869694459901 (≈ 0)
══════════════════════════════════════╪═══════════════════════════════════════════════════════════════════════════════════════════════════════════════════════════════════════════════════════════════════════════
"coin" -> false "n" -> 254 "x" ->   1 │ 2/173688133855974293135356477513031861779904976998460846059186376011869694459901 (≈ 0)
══════════════════════════════════════╪═══════════════════════════════════════════════════════════════════════════════════════════════════════════════════════════════════════════════════════════════════════════
"coin" -> false "n" -> 254 "x" ->   2 │ 2/173688133855974293135356477513031861779904976998460846059186376011869694459901 (≈ 0)
══════════════════════════════════════╪═══════════════════════════════════════════════════════════════════════════════════════════════════════════════════════════════════════════════════════════════════════════
"coin" -> false "n" -> 255 "x" ->   0 │ 1/173688133855974293135356477513031861779904976998460846059186376011869694459901 (≈ 0)
══════════════════════════════════════╪═══════════════════════════════════════════════════════════════════════════════════════════════════════════════════════════════════════════════════════════════════════════
"coin" -> false "n" -> 255 "x" ->   1 │ 1/173688133855974293135356477513031861779904976998460846059186376011869694459901 (≈ 0)
══════════════════════════════════════╪═══════════════════════════════════════════════════════════════════════════════════════════════════════════════════════════════════════════════════════════════════════════
"coin" -> false "n" -> 255 "x" ->   2 │ 1/173688133855974293135356477513031861779904976998460846059186376011869694459901 (≈ 0)
══════════════════════════════════════╪═══════════════════════════════════════════════════════════════════════════════════════════════════════════════════════════════════════════════════════════════════════════
∑                                     │ 1
══════════════════════════════════════╧═══════════════════════════════════════════════════════════════════════════════════════════════════════════════════════════════════════════════════════════════════════════
